section,name,type,title,go-to-url,go-to-title,,,,,,,,,
Coupons-Store-Carousel,section6,catagory-carousel-no-text,Tìm kiếm ưu đãi tốt nhất,,All Stores,items,,,,,,,,
,,,,,,name,image-url,url,,,,,,
,,,,,,Lazada Khuyen Mai,https://a.ipricegroup.com/store/lazada-vn.jpg,https://iprice.vn/coupons/lazada/,,,,,,
,,,,,,Mã Giảm Giá Shopee,https://a.ipricegroup.com/store/shopee-vn.jpg,https://iprice.vn/coupons/shopee/,,,,,,
,,,,,,Mã Giảm Giá Grab Food,https://a.ipricegroup.com/store/grabfood-vn.jpg,https://iprice.vn/coupons/grabfood/,,,,,,
,,,,,,Mã Giảm Giá Yes24,https://a.ipricegroup.com/store/yes24-vn.jpg,https://iprice.vn/coupons/yes24/,,,,,,
,,,,,,Shop Vnexpress,https://a.ipricegroup.com/store/shop-vnexpress-vn.jpg,https://iprice.vn/coupons/shop-vnexpress/,,,,,,
,,,,,,Mã Giảm Giá Lala,https://a.ipricegroup.com/store/lala-vn.jpg,https://iprice.vn/coupons/lala/,,,,,,
,,,,,,Mã Giảm Giá Fado,https://a.ipricegroup.com/store/fado-vn.jpg,https://iprice.vn/coupons/fado/,,,,,,
,,,,,,Mã Giảm Giá Kkday,https://a.ipricegroup.com/store/kkday-vn.jpg,https://iprice.vn/coupons/kkday/,,,,,,
,,,,,,Mã Giảm Giá Divui,https://a.ipricegroup.com/store/divui-vn.jpg,https://iprice.vn/coupons/divui/,,,,,,
,,,,,,Nguyen Kim Khuyen Mai,https://a.ipricegroup.com/store/nguyen-kim-vn.jpg,https://iprice.vn/coupons/nguyen-kim/,,,,,,
,,,,,,Mã Giảm Giá FPT Shop,https://a.ipricegroup.com/store/fpt-shop-vn.jpg,https://iprice.vn/coupons/fpt-shop/,,,,,,
,,,,,,Tiki Giảm Giá,https://a.ipricegroup.com/store/tikivn-vn.jpg,https://iprice.vn/coupons/tiki/,,,,,,
,,,,,,Booking.com,https://a.ipricegroup.com/store/bookingcom-vn.jpg,https://iprice.vn/coupons/bookingcom/,,,,,,
,,,,,,Mã Giảm Giá Sendo,https://a.ipricegroup.com/store/sendo-vn.jpg,https://iprice.vn/coupons/sendo/,,,,,,
,,,,,,Canifa Giảm Giá,https://a.ipricegroup.com/store/canifa-vn.jpg,https://iprice.vn/coupons/canifa/,,,,,,
,,,,,,Mã Giảm Giá Adayroi,https://a.ipricegroup.com/store/adayroi-vn.jpg,https://iprice.vn/coupons/adayroi/,,,,,,
PLP-EL-BrandCategory-Carousel,section3,catagory-carousel,So sánh giá Thiết bị thông minh,,,items,,,,,,,,
,,,,,,brand-name,name,image-url,url,,,,,
,,,,,,Samsung,Đồng hồ thông minh,https://p.ipricegroup.com/uploaded_0ce33e09390149720a004cf3a0d21c14.jpg,https://iprice.vn/samsung/dien-thoai-may-tinh-bang/dong-ho-thong-minh/,,,,,
,,,,,,Vietmap,Camera hành trình,https://p.ipricegroup.com/uploaded_08fa7b5a70c8913048772a524dd0f843.jpg,https://iprice.vn/vietmap/may-anh/hanh-trinh/,,,,,
,,,,,,Samsung,Tai nghe bluetooth,https://p.ipricegroup.com/75c048bd65a65c30bed00aaa79514992bfd4098c_0.jpg,https://iprice.vn/samsung/dien-thoai-may-tinh-bang/tai-nghe-bluetooth/,,,,,
,,,,,,Dyson,Máy hút bụi,https://p.ipricegroup.com/32951669_0.jpg,https://iprice.vn/dyson/do-gia-dung/may-hut-bui/,,,,,
,,,,,,Apple,Đồng hồ thông minh,https://p.ipricegroup.com/uploaded_7aa955ac2a00912fb7207d496c15180b.jpg,https://iprice.vn/apple/dien-thoai-may-tinh-bang/dong-ho-thong-minh/,,,,,
,,,,,,OPPO,Cáp sạc điện thoại,https://p.ipricegroup.com/dea1f972076267de0f010f460e2bcacf9f1dd92a_0.jpg,https://iprice.vn/oppo/dien-thoai-may-tinh-bang/phu-kien/day-cap-cuc-sac/,,,,,
,,,,,,Samsung,Pin sạc dự phòng,https://p.ipricegroup.com/uploaded_3a4919b55521c61a4b1b49d2690fef0f.jpg,https://iprice.vn/samsung/dien-thoai-may-tinh-bang/pin-sac-du-phong/,,,,,
,,,,,,Senko,Quạt,https://p.ipricegroup.com/uploaded_d12bd364a3b1b4cb65cf39c7fa71fe1f.jpg,https://iprice.vn/senko/do-gia-dung/quat/,,,,,
,,,,,,Apple,Laptop,https://p.ipricegroup.com/37148265_0.jpg,https://iprice.vn/apple/tin-hoc/laptop/,,,,,
,,,,,,Lock & Lock,Bếp nướng điện,https://p.ipricegroup.com/ca6a27a96277c299b746b77cc595e58b4200c7bb_0.jpg,https://iprice.vn/lock-lock/do-gia-dung/bep-nuong-dien/,,,,,
,,,,,,Sony,Cáp sạc điện thoại,https://p.ipricegroup.com/uploaded_fcaae1feff0709caf379106446a6ff91.jpg,https://iprice.vn/sony/dien-thoai-may-tinh-bang/phu-kien/day-cap-cuc-sac/,,,,,
,,,,,,ViVK,Điện thoại,https://p.ipricegroup.com/uploaded_1703c7cdcc3d79e7b9437666b5faa394.jpg,https://iprice.vn/vivk/dien-thoai-may-tinh-bang/dien-thoai-thong-minh/,,,,,
,,,,,,MASSTEL,Ốp lưng & Bao da,https://p.ipricegroup.com/a924075c15adf2c4b8c8b1cf8c0f92bbce63eeb7_0.jpg,https://iprice.vn/masstel/dien-thoai-may-tinh-bang/phu-kien/op-lung-mieng-dan/,,,,,
,,,,,,Philips,Máy đánh trứng,https://p.ipricegroup.com/uploaded_5e1c94bcf23ea791189c2a640456a387.jpg,https://iprice.vn/philips/do-gia-dung/may-danh-trung/,,,,,
,,,,,,Xiaomi,Cáp sạc điện thoại,https://p.ipricegroup.com/7fd9f7e15dc5c66afd544e65a9be262bca513c39_0.jpg,https://iprice.vn/xiaomi/dien-thoai-may-tinh-bang/phu-kien/day-cap-cuc-sac/,,,,,
,,,,,,Yamaha,Âm thanh & Hi Fi,https://p.ipricegroup.com/27237064_0.jpg,https://iprice.vn/yamaha/am-thanh-hi-fi/,,,,,
,,,,,,Samsung,Phụ kiện Tivi,https://p.ipricegroup.com/09939ef95d2c8006b0c820bfd0abf189c79fe923_0.jpg,https://iprice.vn/samsung/tv-video-dvd/phu-kien/,,,,,
,,,,,,Apple,Ốp lưng & Bao da,https://p.ipricegroup.com/uploaded_425654b3c33b828dbdec2c2e69882877.jpg,https://iprice.vn/apple/dien-thoai-may-tinh-bang/phu-kien/op-lung-mieng-dan/,,,,,
,,,,,,ZTE,Bộ phát Wifi - Router Wifi,https://p.ipricegroup.com/95928ec11b5ab043a3bfe6cad84828216361463c_0.jpg,https://iprice.vn/zte/tin-hoc/hop-so-mang/router-wifi/,,,,,
PLP-EL-Brand-Carousel,section3_brand,catagory-carousel-no-text,,,,items,,,,,,,,
,,,,,,name,image-url,url,,,,,,
,,,,,,Pioneer,https://a.ipricegroup.com/brand/pioneer.jpg,https://iprice.vn/pioneer/,,,,,,
,,,,,,Zippo,https://a.ipricegroup.com/brand/zippo.jpg,https://iprice.vn/zippo/,,,,,,
,,,,,,DENON,https://a.ipricegroup.com/brand/denon.jpg,https://iprice.vn/denon/,,,,,,
,,,,,,Bluboo,https://a.ipricegroup.com/brand/bluboo.jpg,https://iprice.vn/bluboo/,,,,,,
,,,,,,LEAGOO,https://a.ipricegroup.com/brand/leagoo.jpg,https://iprice.vn/leagoo/,,,,,,
,,,,,,DJI,https://a.ipricegroup.com/brand/dji.jpg,https://iprice.vn/dji/,,,,,,
,,,,,,Vietmap,https://a.ipricegroup.com/brand/vietmap.jpg,https://iprice.vn/vietmap/,,,,,,
,,,,,,Electrolux,https://a.ipricegroup.com/media/electrolux.png,https://iprice.vn/electrolux/,,,,,,
,,,,,,OUKITEL,https://a.ipricegroup.com/brand/oukitel.jpg,https://iprice.vn/oukitel/,,,,,,
,,,,,,Dell,https://a.ipricegroup.com/media/dell.png,https://iprice.vn/dell/,,,,,,
,,,,,,Denso,https://a.ipricegroup.com/brand/denso.jpg,https://iprice.vn/denso/,,,,,,
,,,,,,FX Audio,https://a.ipricegroup.com/brand/fx-audio.jpg,https://iprice.vn/fx-audio/,,,,,,
,,,,,,Belkin,https://a.ipricegroup.com/brand/belkin.jpg,https://iprice.vn/belkin/,,,,,,
,,,,,,nintendo,https://a.ipricegroup.com/brand/nintendo.jpg,https://iprice.vn/nintendo/,,,,,,
,,,,,,Apple,https://a.ipricegroup.com/media/apple_2.png,https://iprice.vn/apple/,,,,,,
,,,,,,BlackBerry,https://a.ipricegroup.com/brand/blackberry.jpg,https://iprice.vn/blackberry/,,,,,,
,,,,,,Remax,https://a.ipricegroup.com/brand/remax.jpg,https://iprice.vn/remax/,,,,,,
,,,,,,ZTE,https://a.ipricegroup.com/brand/zte.jpg,https://iprice.vn/zte/,,,,,,
,,,,,,Vivo,https://a.ipricegroup.com/brand/vivo.jpg,https://iprice.vn/vivo/,,,,,,
,,,,,,Huawei,https://a.ipricegroup.com/media/huawei.png,https://iprice.vn/huawei/,,,,,,
,,,,,,,https://a.ipricegroup.com/media/homepage/VN_allbrands.jpg,https://iprice.vn/brands/,,,,,,
PLP-EL-Category-Carousel,section11,product-carousel,,,,items,,,,,,,,
,,,,,,name,image-url,url,,,,,,
,,,,,,Tin học,https://a.ipricegroup.com/media/homepage/Icon_v2/Computers.png,https://iprice.vn/tin-hoc/,items1,,,,,
,,,,,,,,,name,url,,,,
,,,,,,,,,Laptop,https://iprice.vn/tin-hoc/laptop/,,,,
,,,,,,,,,Máy tính bàn,https://iprice.vn/tin-hoc/may-tinh-ban/,,,,
,,,,,,,,,Webcam,https://iprice.vn/tin-hoc/webcam/,,,,
,,,,,,,,,Phần mềm,https://iprice.vn/tin-hoc/phan-mem/,,,,
,,,,,,,,,Máy in,https://iprice.vn/tin-hoc/may-in/,,,,
,,,,,,,,,Phần cứng,https://iprice.vn/tin-hoc/phan-cung/,,,,
,,,,,,,,,Phụ kiện tin học,https://iprice.vn/tin-hoc/phu-kien/,,,,
,,,,,,,,,Bộ lưu trữ ngoài,https://iprice.vn/tin-hoc/bo-luu-tru-ngoai/,,,,
,,,,,,,,,Thiết bị mạng,https://iprice.vn/tin-hoc/hop-so-mang/,,,,
,,,,,,Điện thoại & Máy tính bảng,https://a.ipricegroup.com/media/homepage/Icon_v2/Tablets_and_Phones.png,https://iprice.vn/dien-thoai-may-tinh-bang/,items1,,,,,
,,,,,,,,,name,url,,,,
,,,,,,,,,Điện thoại,https://iprice.vn/dien-thoai-may-tinh-bang/dien-thoai-thong-minh/,,,,
,,,,,,,,,Máy tính bảng - Tablet,https://iprice.vn/dien-thoai-may-tinh-bang/may-tinh-bang/,,,,
,,,,,,,,,Đồng hồ thông minh,https://iprice.vn/dien-thoai-may-tinh-bang/dong-ho-thong-minh/,,,,
,,,,,,,,,Tai nghe bluetooth,https://iprice.vn/dien-thoai-may-tinh-bang/tai-nghe-bluetooth/,,,,
,,,,,,,,,Điện thoại,https://iprice.vn/san-pham-sap-ra-mat/dien-thoai-thong-minh/,,,,
,,,,,,Chơi game,https://a.ipricegroup.com/media/homepage/Icon_v2/Gaming.png,https://iprice.vn/choi-game/,items1,,,,,
,,,,,,,,,name,url,,,,
,,,,,,,,,Máy Playstation,https://iprice.vn/choi-game/may-playstation/,,,,
,,,,,,,,,Máy Xbox,https://iprice.vn/choi-game/may-xbox/,,,,
,,,,,,,,,Trò chơi điện tử,https://iprice.vn/choi-game/tro-choi/,,,,
,,,,,,,,,Tay cầm chơi game,https://iprice.vn/choi-game/tay-cam/,,,,
,,,,,,,,,Máy Nintendo,https://iprice.vn/choi-game/may-nintendo/,,,,
,,,,,,,,,Phụ kiện chơi game,https://iprice.vn/choi-game/phu-kien/,,,,
,,,,,,,,,Máy chơi game di động,https://iprice.vn/choi-game/di-dong/,,,,
,,,,,,Máy ảnh,https://a.ipricegroup.com/media/homepage/Icon_v2/Cameras.png,https://iprice.vn/may-anh/,items1,,,,,
,,,,,,,,,name,url,,,,
,,,,,,,,,Máy ảnh DSLR,https://iprice.vn/may-anh/ki-thuat-so/,,,,
,,,,,,,,,Máy quay phim,https://iprice.vn/may-anh/may-quay-phim/,,,,
,,,,,,,,,Máy ảnh chụp lấy liền,https://iprice.vn/may-anh/chup-lay-lien/,,,,
,,,,,,,,,Flycam - Máy bay camera,https://iprice.vn/may-anh/camera-bay/,,,,
,,,,,,,,,Camera giám sát,https://iprice.vn/may-anh/giam-sat/,,,,
,,,,,,,,,Camera hành trình,https://iprice.vn/may-anh/hanh-trinh/,,,,
,,,,,,,,,Máy ảnh không gương lật,https://iprice.vn/may-anh/khong-guong-lat/,,,,
,,,,,,,,,Máy chụp ảnh dưới nước,https://iprice.vn/may-anh/duoi-nuoc/,,,,
,,,,,,"TV, Video & DVD",https://a.ipricegroup.com/media/homepage/Icon_v2/Tv__DVD.png,https://iprice.vn/tv-video-dvd/,items1,,,,,
,,,,,,,,,name,url,,,,
,,,,,,,,,Media Player,https://iprice.vn/tv-video-dvd/media-players/,,,,
,,,,,,,,,Blu-Ray,https://iprice.vn/tv-video-dvd/blu-ray/,,,,
,,,,,,,,,Đầu DVD,https://iprice.vn/tv-video-dvd/dau-dvd/,,,,
,,,,,,,,,Tivi Led,https://iprice.vn/tv-video-dvd/led/,,,,
,,,,,,,,,Tivi Oled,https://iprice.vn/tv-video-dvd/oled/,,,,
,,,,,,,,,Tivi UHD,https://iprice.vn/tv-video-dvd/uhd/,,,,
,,,,,,,,,TV Box,https://iprice.vn/tv-video-dvd/media-player-streaming/,,,,
,,,,,,Đồ gia dụng,https://a.ipricegroup.com/media/homepage/Icon_v2/Appliances.png,https://iprice.vn/do-gia-dung/,items1,,,,,
,,,,,,,,,name,url,,,,
,,,,,,,,,Quạt,https://iprice.vn/do-gia-dung/quat/,,,,
,,,,,,,,,Tủ lạnh,https://iprice.vn/do-gia-dung/tu-lanh/,,,,
,,,,,,,,,Máy hút bụi,https://iprice.vn/do-gia-dung/may-hut-bui/,,,,
,,,,,,,,,Điều hòa - Máy lạnh,https://iprice.vn/do-gia-dung/may-lanh/,,,,
,,,,,,,,,Lò vi sóng,https://iprice.vn/do-gia-dung/lo-vi-song/,,,,
,,,,,,,,,Tủ đông,https://iprice.vn/do-gia-dung/tu-dong/,,,,
,,,,,,,,,Máy rửa bát,https://iprice.vn/do-gia-dung/may-rua-chen/,,,,
,,,,,,,,,Nồi nấu,https://iprice.vn/do-gia-dung/noi-com-dien/,,,,
,,,,,,,,,Lò nướng,https://iprice.vn/do-gia-dung/lo-nuong/,,,,
,,,,,,,,,Máy đánh trứng,https://iprice.vn/do-gia-dung/may-danh-trung/,,,,
PDP-EL-Carousel,section1,product-carousel,,,,items,,,,,,,,
,,,,,,name,price,store-count,image-url,url,,,,
,,,,,,ViVK R8,1.490.000 đ,3,https://p.ipricegroup.com/uploaded_447685b6a5c4b818f1625a37e1a4adf0.jpg,https://iprice.vn/gia-ban/vivk-r8/,,,,
,,,,,,Google Home Mini,900.000 đ,3,https://p.ipricegroup.com/uploaded_bf42fc264386a33b9bc200094b20ba4a.jpg,https://iprice.vn/gia-ban/google-home-mini/,,,,
,,,,,,OPPO F1s,1.900.000 đ,7,https://p.ipricegroup.com/uploaded_60f0d6630967c772376248ca37bc4893.jpg,https://iprice.vn/gia-ban/oppo-f1s/,,,,
,,,,,,Lenovo Yoga Book,11.690.000 đ,2,https://p.ipricegroup.com/uploaded_6a72f451c6bec44d623c023f3645be4f.jpg,https://iprice.vn/gia-ban/lenovo-yoga-book/,,,,
,,,,,,Samsung Galaxy Tab 10.5 Bluetooth keyboard,329.780 đ,2,https://p.ipricegroup.com/23093720_0.jpg,https://iprice.vn/gia-ban/samsung-galaxy-tab-105-bluetooth-keyboard/,,,,
,,,,,,Apple Watch Series 1,3.590.000 đ,3,https://p.ipricegroup.com/uploaded_c3abce75f82ff63c43beea8a12c3b3db.jpg,https://iprice.vn/gia-ban/apple-watch-series-1/,,,,
,,,,,,Nintendo Game Boy Advance SP,8.799.780 đ,1,https://p.ipricegroup.com/30972493_0.jpg,https://iprice.vn/gia-ban/nintendo-game-boy-advance-sp/,,,,
,,,,,,HP EliteBook 8440p,3.900.000 đ,2,https://p.ipricegroup.com/uploaded_54989f2278c2bf1faa2dcca191edd202.jpg,https://iprice.vn/gia-ban/hp-elitebook-8440p/,,,,
,,,,,,Apple iPhone 7 Plus,9.290.000 đ,14,https://p.ipricegroup.com/uploaded_484feb9ce02ef17619363f43425ae8c3.jpg,https://iprice.vn/gia-ban/apple-iphone-7-plus/,,,,
,,,,,,Xiaomi Mi A1,2.420.000 đ,8,https://p.ipricegroup.com/uploaded_e36905e205e22fe40a7c8c0b7b60db30.jpg,https://iprice.vn/gia-ban/xiaomi-mi-a1/,,,,
,,,,,,Xiaomi Redmi Note 5,4.300.000 đ,8,https://p.ipricegroup.com/uploaded_27c2fa2597b1c0b632dcf31b8b237ffc.jpg,https://iprice.vn/gia-ban/xiaomi-redmi-note-5/,,,,
,,,,,,Apple iPhone 6,2.750.000 đ,7,https://p.ipricegroup.com/uploaded_0078cb846d637fa354d2d743758f12cd.jpg,https://iprice.vn/gia-ban/apple-iphone-6/,,,,
,,,,,,Sony Xperia XA1 Plus,5.390.000 đ,2,https://p.ipricegroup.com/uploaded_3b85fc3ad4331460bb1d91f9a0f3962b.jpg,https://iprice.vn/gia-ban/sony-xperia-xa1-plus/,,,,
,,,,,,Samsung Galaxy J2 Pro (2018),2.716.000 đ,1,https://p.ipricegroup.com/uploaded_dc5fa71ac2a10129bb2b11ebe34b6fb6.jpg,https://iprice.vn/gia-ban/samsung-galaxy-j2-pro-2018/,,,,
,,,,,,Apple iPhone 8,14.200.000 đ,8,https://p.ipricegroup.com/uploaded_e3d297e5fcb95d10e5dfb7562a230a20.jpg,https://iprice.vn/gia-ban/apple-iphone-8/,,,,
,,,,,,Apple iPhone 8 Plus,12.990.000 đ,13,https://p.ipricegroup.com/uploaded_b1a882fceabbde240c16cee78944be23.jpg,https://iprice.vn/gia-ban/apple-iphone-8-plus/,,,,
,,,,,,Samsung Galaxy J8,4.290.000 đ,8,https://p.ipricegroup.com/uploaded_6844c0da0c72228f16d2417b9d81c59e.jpg,https://iprice.vn/gia-ban/samsung-galaxy-j8/,,,,
,,,,,,Sony Xperia L1,3.099.000 đ,6,https://p.ipricegroup.com/uploaded_22555d054adad7003f73e7d4017a56cc.jpg,https://iprice.vn/gia-ban/sony-xperia-l1/,,,,
,,,,,,OPPO F7,4.790.000 đ,11,https://p.ipricegroup.com/uploaded_07fb003b2b390fa519d72c8ae3243a16.jpg,https://iprice.vn/gia-ban/oppo-f7/,,,,
,,,,,,Samsung Galaxy Note 8,11.690.000 đ,14,https://p.ipricegroup.com/uploaded_c27e9a802ad822af46113d8f3734d6e3.jpg,https://iprice.vn/gia-ban/samsung-galaxy-note-8/,,,,
PDP-EL-SeeMore,section1_link,link,,,,items,,,,,,,,
,,,,,,name,image-url,url,,,,,,
,,,,,,Apple iPhone Xs,https://p.ipricegroup.com/uploaded_0bf04e64da63b8f18db86678605c621a.jpg,https://iprice.vn/gia-ban/apple-iphone-xs/,,,,,,
,,,,,,Huawei Y7 Pro 2018,https://p.ipricegroup.com/uploaded_91255f6f615d98ae371f2c00d7c03a9d.jpg,https://iprice.vn/gia-ban/huawei-y7-pro-2018/,,,,,,
,,,,,,Huawei nova 3i,https://p.ipricegroup.com/uploaded_374e006ec1f6febb2f1c97a9b86bd61e.jpg,https://iprice.vn/gia-ban/huawei-nova-3i/,,,,,,
,,,,,,HTC 10,https://p.ipricegroup.com/uploaded_9916a45366ce17e43c7796eb16e65846.jpg,https://iprice.vn/gia-ban/htc-10/,,,,,,
,,,,,,Samsung Galaxy A6 (2018),https://p.ipricegroup.com/uploaded_2c75fdbc422a9fbb8f8d61eb4ad8caa3.jpg,https://iprice.vn/gia-ban/samsung-galaxy-a6-2018/,,,,,,
,,,,,,Xiaomi Mi 8,https://p.ipricegroup.com/uploaded_b039e6d7537a5921c015e3d3d014355f.jpg,https://iprice.vn/gia-ban/xiaomi-mi-8/,,,,,,
,,,,,,Samsung Galaxy S8 Plus,https://p.ipricegroup.com/uploaded_b0e517c7b20fcb1d86433d8ad5086612.jpg,https://iprice.vn/gia-ban/samsung-galaxy-s8-plus/,,,,,,
,,,,,,Samsung Galaxy Note FE,https://p.ipricegroup.com/uploaded_a8784cd269f2320af1f265b60ea04b25.jpg,https://iprice.vn/gia-ban/samsung-galaxy-note-fe/,,,,,,
,,,,,,OPPO F3,https://p.ipricegroup.com/uploaded_53dcb428b05950dbcba42b01524c7cd4.jpg,https://iprice.vn/gia-ban/oppo-f3/,,,,,,
,,,,,,Nokia 7 Plus,https://p.ipricegroup.com/uploaded_febe209fd976a0c774c09f5f1ef8a158.jpg,https://iprice.vn/gia-ban/nokia-7-plus/,,,,,,
,,,,,,Nokia 6 (2018),https://p.ipricegroup.com/uploaded_9d4b7a106dbd4a01b945fbeed9e9ef89.jpg,https://iprice.vn/gia-ban/nokia-6-2018/,,,,,,
,,,,,,OPPO A3s,https://p.ipricegroup.com/uploaded_90c31425747129b9c1dad7f3d185b4f1.jpg,https://iprice.vn/gia-ban/oppo-a3s/,,,,,,
,,,,,,Oppo F9,https://p.ipricegroup.com/uploaded_8a6068fc06c557167770a4591dacccd7.jpg,https://iprice.vn/gia-ban/oppo-f9/,,,,,,
,,,,,,Vivo Y81,https://p.ipricegroup.com/uploaded_1be5391f1aebcc608201c7ca28de4dcb.jpg,https://iprice.vn/gia-ban/vivo-y81/,,,,,,
,,,,,,Nokia 3,https://p.ipricegroup.com/uploaded_9a2635ea20d2b57a514682a4d9889b96.jpg,https://iprice.vn/gia-ban/nokia-3/,,,,,,
,,,,,,Nokia 5,https://p.ipricegroup.com/uploaded_b4a247d67c6e92913a95db40f709b1b2.jpg,https://iprice.vn/gia-ban/nokia-5/,,,,,,
,,,,,,LG G6,https://p.ipricegroup.com/uploaded_b679838c72e8f0224d5bbd2e5172e105.jpg,https://iprice.vn/gia-ban/lg-g6/,,,,,,
,,,,,,Huawei Nova 3e,https://p.ipricegroup.com/uploaded_d934b5e7bf90d83ccfbd1cef9989fc2b.jpg,https://iprice.vn/gia-ban/huawei-nova-3e/,,,,,,
,,,,,,OPPO F5,https://p.ipricegroup.com/uploaded_90d907041e2cc8b8d20e59c8282ee5ef.jpg,https://iprice.vn/gia-ban/oppo-f5/,,,,,,
,,,,,,Xiaomi Redmi Note 4,https://p.ipricegroup.com/uploaded_140b3da9ff5a2e11c93c3860b608fae1.jpg,https://iprice.vn/gia-ban/xiaomi-redmi-note-4/,,,,,,
PLP-FA-BrandCategory-Men-Carousel,section4,fashion-panel,Thời trang Nam,https://iprice.vn/quan-ao/nam/,,image-url,,label,type,,,,,
,,,,,,https://a.ipricegroup.com/media/homepage/VN_men-min.jpg,,1234,category-carousel,items,,,,
,,,,,,,,,,brand-name,name,url,image-url,main-url
,,,,,,,,,TRUE,Nike,Giày thể thao,https://iprice.vn/nike/giay-dep/nam/the-thao/,https://p.ipricegroup.com/2e5fcfa0ea9ffc17b49a088d5006575ae700fb77_0.jpg,https://iprice.vn/nike/giay-dep/the-thao/
,,,,,,,,,TRUE,Adidas,Quần áo thời trang,https://iprice.vn/adidas/quan-ao/nam/,https://p.ipricegroup.com/0791f69418945f7156970fb330db27dbf56090f7_0.jpg,https://iprice.vn/adidas/quan-ao/
,,,,,,,,,TRUE,Rick Owens,Giày dép,https://iprice.vn/rick-owens/giay-dep/nam/,https://p.ipricegroup.com/09a0d0ee6d2243cfda152b9dc9a19968f894c1f2_0.jpg,https://iprice.vn/rick-owens/giay-dep/
,,,,,,,,,TRUE,Converse,Giày dép,https://iprice.vn/converse/giay-dep/nam/,https://p.ipricegroup.com/f5c347a6199d1961f7c6b5be28c3d083b50f4bc3_0.jpg,https://iprice.vn/converse/giay-dep/
,,,,,,,,,TRUE,Balenciaga,Giày dép,https://iprice.vn/balenciaga/giay-dep/nam/,https://p.ipricegroup.com/c6fbc90aee7f5d1716f6452ce0f1eb6b4bf6f584_0.jpg,https://iprice.vn/balenciaga/giay-dep/
,,,,,,,,,TRUE,Owen,Quần áo thời trang,https://iprice.vn/owen/quan-ao/nam/,https://p.ipricegroup.com/9916895b7c3f03c4ca3bce4c92b2607b38366fbd_0.jpg,https://iprice.vn/owen/quan-ao/
,,,,,,,,,TRUE,Gucci,Giày dép,https://iprice.vn/gucci/giay-dep/nam/,https://p.ipricegroup.com/da4d35402f04fff4e8906f717ec9462b2c5a7622_0.jpg,https://iprice.vn/gucci/giay-dep/
,,,,,,,,,TRUE,OMEGA,Đồng hồ,https://iprice.vn/omega/dong-ho/nam/,https://p.ipricegroup.com/f4aa51d5603f42b303ed6fad49e523091a7a9922_0.jpg,https://iprice.vn/omega/dong-ho/
,,,,,,,,,TRUE,FILA,Giày dép,https://iprice.vn/fila/giay-dep/nam/,https://p.ipricegroup.com/d054e73992c1541ee338af7b7d540483a8260c6a_0.jpg,https://iprice.vn/fila/giay-dep/
,,,,,,,,,TRUE,Nike,Quần áo thời trang,https://iprice.vn/nike/quan-ao/nam/,https://p.ipricegroup.com/00d213a38d2617ef64a7c40a414b2a7d77c15f54_0.jpg,https://iprice.vn/nike/quan-ao/
,,,,,,,,,FALSE,NIBOSI,Đồng hồ,,,https://iprice.vn/nibosi/dong-ho/
,,,,,,,,,TRUE,PUMA,Giày dép,https://iprice.vn/puma/giay-dep/nam/,https://p.ipricegroup.com/f9330a67a7e818d75f8d76113c243e18cb637c5a_0.jpg,https://iprice.vn/puma/giay-dep/
,,,,,,,,,TRUE,Bata,Giày dép,https://iprice.vn/bata/giay-dep/nam/,https://p.ipricegroup.com/7869cafb249e0e1be7dc99a6d7d58a680dc19749_0.jpg,https://iprice.vn/bata/giay-dep/
,,,,,,,,,TRUE,Li-Ning,Giày thể thao,https://iprice.vn/li-ning/giay-dep/nam/the-thao/,https://p.ipricegroup.com/ea8e0b3643811019fc615f1fc78b5706d81a0e32_0.jpg,https://iprice.vn/li-ning/giay-dep/the-thao/
,,,,,,,,,TRUE,Adidas,Túi,https://iprice.vn/adidas/tui/nam/,https://p.ipricegroup.com/e2baa8382008db47dd2f3c05c9000bc920160f58_0.jpg,https://iprice.vn/adidas/tui/
,,,,,,,,,TRUE,Furla,Túi,https://iprice.vn/furla/tui/nam/,https://p.ipricegroup.com/6341a6b0d6f440d93176b853638cdea9a077e2f6_0.jpg,https://iprice.vn/furla/tui/
,,,,,,,,,TRUE,Champion,Quần áo thời trang,https://iprice.vn/champion/quan-ao/nam/,https://p.ipricegroup.com/9c8e8a5bab87a088ce7b535b491d85646b125fb2_0.jpg,https://iprice.vn/champion/quan-ao/
,,,,,,,,,TRUE,COACH,Túi,https://iprice.vn/coach/tui/nam/,https://p.ipricegroup.com/c4732d55f4f8136261f233ec9f3eb6d72170ebc4_0.jpg,https://iprice.vn/coach/tui/
,,,,,,,,,FALSE,Việt Tiến,Quần áo thời trang,,,https://iprice.vn/viet-tien/quan-ao/
,,,,,,,,,TRUE,SKMEI,Đồng hồ,https://iprice.vn/skmei/dong-ho/nam/,https://p.ipricegroup.com/1fc056c50a98143785a2513be306407a646acd27_0.jpg,https://iprice.vn/skmei/dong-ho/
PLP-FA-BrandCategory-Women-Carousel,section5,fashion-panel,Thời trang Nữ,https://iprice.vn/quan-ao/nu/,,image-url,url,label,type,,,,,
,,,,,,https://a.ipricegroup.com/media/homepage/VN_women-min.jpg,,1234,category-carousel,items,,,,
,,,,,,,,,,brand-name,name,url,image-url,main-url
,,,,,,,,,TRUE,Nike,Giày thể thao,https://iprice.vn/nike/giay-dep/nu/the-thao/,https://p.ipricegroup.com/f84539610d4cdecdd71e515e626eb951795f04f5_0.jpg,
,,,,,,,,,TRUE,Adidas,Quần áo thời trang,https://iprice.vn/adidas/quan-ao/nu/,https://p.ipricegroup.com/43a0ab193dd340ca8e0f8dd6e43cbbb6e5580bc0_0.jpg,
,,,,,,,,,TRUE,Rick Owens,Giày dép,https://iprice.vn/rick-owens/giay-dep/nu/,https://p.ipricegroup.com/56ce584f4a8550895996400ef763893dacd66d81_0.jpg,
,,,,,,,,,TRUE,Converse,Giày dép,https://iprice.vn/converse/giay-dep/nu/,https://p.ipricegroup.com/890dc57a92127dba891afc607b2cde6a35dd89aa_0.jpg,
,,,,,,,,,TRUE,Balenciaga,Giày dép,https://iprice.vn/balenciaga/giay-dep/nu/,https://p.ipricegroup.com/75231ace5e66885732f5edeaa122684e13f7d23b_0.jpg,
,,,,,,,,,FALSE,Owen,Quần áo thời trang,,,
,,,,,,,,,TRUE,Gucci,Giày dép,https://iprice.vn/gucci/giay-dep/nu/,https://p.ipricegroup.com/622b5a0e5c72aa87d7bd71297a54a26574b473f4_0.jpg,
,,,,,,,,,TRUE,OMEGA,Đồng hồ,https://iprice.vn/omega/dong-ho/nu/,https://p.ipricegroup.com/74f4f0ba96bd34bb9f8903401c18f0ffd534984f_0.jpg,
,,,,,,,,,TRUE,FILA,Giày dép,https://iprice.vn/fila/giay-dep/nu/,https://p.ipricegroup.com/facb9dd53568b0ed94aee56b85611a038fbfb289_0.jpg,
,,,,,,,,,TRUE,Nike,Quần áo thời trang,https://iprice.vn/nike/quan-ao/nu/,https://p.ipricegroup.com/2a3aa8c94c19b5aa558607b8ae8363b809639acb_0.jpg,
,,,,,,,,,FALSE,NIBOSI,Đồng hồ,,,
,,,,,,,,,TRUE,PUMA,Giày dép,https://iprice.vn/puma/giay-dep/nu/,https://p.ipricegroup.com/1d82394be1442236a6a91b00e3a502c36e83e6a3_0.jpg,
,,,,,,,,,FALSE,Bata,Giày dép,,,
,,,,,,,,,TRUE,Li-Ning,Giày thể thao,https://iprice.vn/li-ning/giay-dep/nu/the-thao/,https://p.ipricegroup.com/1d477eacf3f0e42ee3376bc3d07266bf18ae909b_0.jpg,
,,,,,,,,,TRUE,Adidas,Túi,https://iprice.vn/adidas/tui/nu/,https://p.ipricegroup.com/6c6e07374314e8790f367fe90f7935c6c1f8aeb7_0.jpg,
,,,,,,,,,TRUE,Furla,Túi,https://iprice.vn/furla/tui/nu/,https://p.ipricegroup.com/caf45bf7ccf1eacfb25ec2340527797f52385bf5_0.jpg,
,,,,,,,,,TRUE,Champion,Quần áo thời trang,https://iprice.vn/champion/quan-ao/nu/,https://p.ipricegroup.com/c6a188e32ea0f9389f6d4cff2a39aa3e9648cbe4_0.jpg,
,,,,,,,,,TRUE,COACH,Túi,https://iprice.vn/coach/tui/nu/,https://p.ipricegroup.com/cf18a236578b0393851188a6bef3bf7a098d3abe_0.jpg,
,,,,,,,,,FALSE,Việt Tiến,Quần áo thời trang,,,
,,,,,,,,,TRUE,SKMEI,Đồng hồ,https://iprice.vn/skmei/dong-ho/nu/,https://p.ipricegroup.com/686e52817665aff3a8549f6c3debab4de7c1da93_0.jpg,
PLP-FA-Brand-Carousel,section5_brand,link,Thương hiệu thời trang được yêu thích,,,items,,,,,,,,
,,,,,,name,image-url,url,,,,,,
,,,,,,Adidas,https://a.ipricegroup.com/media/Zach__2_/adidas.png,https://iprice.vn/adidas/,,,,,,
,,,,,,PUMA,https://a.ipricegroup.com/media/Zach__2_/puma.png,https://iprice.vn/puma/,,,,,,
,,,,,,Nike,https://a.ipricegroup.com/media/Zach__2_/nike.png,https://iprice.vn/nike/,,,,,,
,,,,,,ALDO,https://a.ipricegroup.com/brand/aldo.jpg,https://iprice.vn/aldo/,,,,,,
,,,,,,ArbutuS,https://a.ipricegroup.com/brand/arbutus.jpg,https://iprice.vn/arbutus/,,,,,,
,,,,,,Crocs,https://s15.postimg.org/3rd3tapd7/crocs_1.png,https://iprice.vn/crocs/,,,,,,
,,,,,,Vans,https://a.ipricegroup.com/brand/vans.jpg,https://iprice.vn/vans/,,,,,,
,,,,,,Swarovski,https://a.ipricegroup.com/media/Zach__2_/swarovski.png,https://iprice.vn/swarovski/,,,,,,
,,,,,,Karen Millen,https://a.ipricegroup.com/brand/karen-millen.jpg,https://iprice.vn/karen-millen/,,,,,,
,,,,,,Lacoste,https://a.ipricegroup.com/media/Zach__2_/lacoste.png,https://iprice.vn/lacoste/,,,,,,
,,,,,,Miu Miu,https://a.ipricegroup.com/brand/miu-miu.jpg,https://iprice.vn/miu-miu/,,,,,,
,,,,,,Moschino,https://a.ipricegroup.com/brand/moschino.jpg,https://iprice.vn/moschino/,,,,,,
,,,,,,Nine West,https://a.ipricegroup.com/brand/nine-west.jpg,https://iprice.vn/nine-west/,,,,,,
,,,,,,Pedro,https://a.ipricegroup.com/brand/pedro.jpg,https://iprice.vn/pedro/,,,,,,
,,,,,,Prada,https://a.ipricegroup.com/brand/prada.jpg,https://iprice.vn/prada/,,,,,,
,,,,,,Pull&Bear,https://a.ipricegroup.com/brand/pull-bear.jpg,https://iprice.vn/pull-bear/,,,,,,
,,,,,,Reebok,https://a.ipricegroup.com/brand/reebok.jpg,https://iprice.vn/reebok/,,,,,,
,,,,,,Rolex,https://a.ipricegroup.com/brand/rolex.jpg,https://iprice.vn/rolex/,,,,,,
,,,,,,FILA,https://a.ipricegroup.com/brand/fila.jpg,https://iprice.vn/fila/,,,,,,
,,,,,,SKECHERS,https://a.ipricegroup.com/brand/skechers.jpg,https://iprice.vn/skechers/,,,,,,
,,,,,,,https://a.ipricegroup.com/media/homepage/VN_allbrands.jpg,https://iprice.vn/brands/,,,,,,
PLP-FA-Category-Carousel,section12,product-carousel,,,,,,,,,,,,
,,,,,,items,,,,,,,,
,,,,,,name,image-url,url,,,,,,
,,,,,,Quần áo,https://a.ipricegroup.com/media/homepage/Icon_v2/Womens_Clothing.png,https://iprice.vn/quan-ao/,items1,,,,,
,,,,,,,,,name,url,,,,
,,,,,,,,,Áo,https://iprice.vn/quan-ao/ao/,,,,
,,,,,,,,,Quần jean,https://iprice.vn/quan-ao/jeans/,,,,
,,,,,,,,,Jumpsuit,https://iprice.vn/quan-ao/jumpsuits/,,,,
,,,,,,,,,Áo sơ mi,https://iprice.vn/quan-ao/ao-so-mi/,,,,
,,,,,,,,,Chân váy,https://iprice.vn/quan-ao/vay/,,,,
,,,,,,,,,Quần dài,https://iprice.vn/quan-ao/quan-dai/,,,,
,,,,,,,,,Đồ bơi,https://iprice.vn/quan-ao/do-boi/,,,,
,,,,,,,,,Quần short,https://iprice.vn/quan-ao/quan-short/,,,,
,,,,,,,,,Quần áo thể thao,https://iprice.vn/quan-ao/the-thao/,,,,
,,,,,,Giày dép,https://a.ipricegroup.com/media/homepage/Icon_v2/Womens_Shoes.png,https://iprice.vn/giay-dep/,items1,,,,,
,,,,,,,,,name,url,,,,
,,,,,,,,,Giày trẻ em,https://iprice.vn/giay-dep/giay-tre-em/,,,,
,,,,,,,,,Giày sneaker,https://iprice.vn/giay-dep/giay-sneaker/,,,,
,,,,,,,,,Giày lười,https://iprice.vn/giay-dep/boat/,,,,
,,,,,,,,,Giày sandal,https://iprice.vn/giay-dep/xang-dan/,,,,
,,,,,,Túi,https://a.ipricegroup.com/media/homepage/Icon_v2/Bags.png,https://iprice.vn/tui/,items1,,,,,
,,,,,,,,,name,url,,,,
,,,,,,,,,Túi tote,https://iprice.vn/tui/tui-xach/ban-to/,,,,
,,,,,,,,,Xắc cầm tay,https://iprice.vn/tui/tui-xach/xac-cam-tay/,,,,
,,,,,,,,,Túi đeo,https://iprice.vn/tui/deo/,,,,
,,,,,,,,,Túi xách,https://iprice.vn/tui/tui-xach/,,,,
,,,,,,,,,Túi thể thao,https://iprice.vn/tui/dung-do-the-duc/,,,,
,,,,,,,,,Đựng tài liệu,https://iprice.vn/tui/dung-tai-lieu/,,,,
,,,,,,,,,Du lịch,https://iprice.vn/tui/du-lich/,,,,
,,,,,,,,,Túi đeo hông,https://iprice.vn/tui/deo-hong/,,,,
,,,,,,Trang sức,https://a.ipricegroup.com/media/homepage/Icon_v2/Jewellery.png,https://iprice.vn/trang-suc/,items1,,,,,
,,,,,,,,,name,url,,,,
,,,,,,,,,Nhẫn,https://iprice.vn/trang-suc/nhan/,,,,
,,,,,,,,,Vòng đeo tay,https://iprice.vn/trang-suc/vong-deo-tay/,,,,
,,,,,,,,,Vòng hạt charm,https://iprice.vn/trang-suc/hat-trang-suc/,,,,
,,,,,,,,,Dây chuyền,https://iprice.vn/trang-suc/day-chuyen/,,,,
,,,,,,,,,Khuyên tai,https://iprice.vn/trang-suc/khuyen-tai/,,,,
,,,,,,,,,Khuy măng sét,https://iprice.vn/trang-suc/khuy-mang-set/,,,,
,,,,,,,,,Chuỗi hạt,https://iprice.vn/trang-suc/hat-chuoi/,,,,
,,,,,,,,,Trâm cài,https://iprice.vn/trang-suc/tram-cai/,,,,
,,,,,,,,,Bộ trang sức,https://iprice.vn/trang-suc/bo-trang-suc/,,,,
,,,,,,,,,Phụ kiện trang sức,https://iprice.vn/trang-suc/phu-kien/,,,,
,,,,,,Đồng hồ,https://a.ipricegroup.com/media/homepage/Icon_v2/Watches_v2.png,https://iprice.vn/dong-ho/,items1,,,,,
,,,,,,,,,name,url,,,,
,,,,,,,,,Đồng hồ thể thao,https://iprice.vn/dong-ho/the-thao/,,,,
,,,,,,,,,Đồng hồ điện tử,https://iprice.vn/dong-ho/dien-tu/,,,,
,,,,,,,,,Đồng hồ Chronograph,https://iprice.vn/dong-ho/chronograph/,,,,
,,,,,,,,,Đồng hồ đeo tay,https://iprice.vn/dong-ho/kieu-truyen-thong/,,,,
PLP-HB-BrandCategory-Carousel,section13,fashion-panel,Làm đẹp & Sức khỏe,,,items,,,,,,,,
,,,,,,brand-name,name,image-url,url,,,,,
,,,,,,CHANEL,Nước hoa,https://p.ipricegroup.com/uploaded_322a5e1bbcd5c449eae5434e0d8555f5.jpg,https://iprice.vn/chanel/nuoc-hoa/,,,,,
,,,,,,Gucci,Nước hoa,https://p.ipricegroup.com/7fdb79a150d593d7f90fe1f285aaf407bf39e450_0.jpg,https://iprice.vn/gucci/nuoc-hoa/,,,,,
,,,,,,Lancôme,Nước hoa,https://p.ipricegroup.com/377b32fe9afc1776c2ac6986e6ed787214e27803_0.jpg,https://iprice.vn/lancome/nuoc-hoa/,,,,,
,,,,,,Olay,Chăm sóc da,https://p.ipricegroup.com/ab4bc8a690f20f9f70d6e6a706c2bbde08c71026_0.jpg,https://iprice.vn/olay/cham-soc-da/,,,,,
,,,,,,Dior,Nước hoa,https://p.ipricegroup.com/uploaded_e7ca8329760a1d6c705f6cdf25e96389.jpg,https://iprice.vn/dior/nuoc-hoa/,,,,,
,,,,,,Lancôme,Chăm sóc da,https://p.ipricegroup.com/f3c45a8d02fdea5a699020d1697988d3c8390049_0.jpg,https://iprice.vn/lancome/cham-soc-da/,,,,,
,,,,,,Versace,Nước hoa,https://p.ipricegroup.com/9650f9d84634ea92a8a5a77e7365f1254d07c6a0_0.jpg,https://iprice.vn/versace/nuoc-hoa/,,,,,
,,,,,,Garnier,Chăm sóc da,https://p.ipricegroup.com/98d1f8e9a21ba699f3939ebab91c9e722e2b8b55_0.jpg,https://iprice.vn/garnier/cham-soc-da/,,,,,
,,,,,,CHANEL,Trang điểm,https://p.ipricegroup.com/2c19c5f3f249431a871fa43884f36897d4e3e068_0.jpg,https://iprice.vn/chanel/trang-diem/,,,,,
,,,,,,Burberry,Nước hoa,https://p.ipricegroup.com/1debdf474941eff85d968eea34cbfa1ce652f2d0_0.jpg,https://iprice.vn/burberry/nuoc-hoa/,,,,,
,,,,,,Hada Labo,Chăm sóc da,https://p.ipricegroup.com/f7b70cec0f9b74c1c1b05890a0c32af5dfbc4000_0.jpg,https://iprice.vn/hada-labo/cham-soc-da/,,,,,
,,,,,,Victoria's Secret,Nước hoa,https://p.ipricegroup.com/b3a6a3991c8eaa5a9770e35ae27d1514bcb6474e_0.jpg,https://iprice.vn/victorias-secret/nuoc-hoa/,,,,,
,,,,,,Calvin Klein,Nước hoa,https://p.ipricegroup.com/aa0a789a8b89967bf9ea5af951597842e8a8efd4_0.jpg,https://iprice.vn/calvin-klein/nuoc-hoa/,,,,,
,,,,,,Dolce & Gabbana,Nước hoa,https://p.ipricegroup.com/57df085f3aa7fada006371f2edc73a0cb0172f07_0.jpg,https://iprice.vn/dolce-gabbana/nuoc-hoa/,,,,,
,,,,,,Bobbi Brown,Son môi,https://p.ipricegroup.com/d11787cc4de4248b761d28cc74e3e0924c133b1a_0.jpg,https://iprice.vn/bobbi-brown/trang-diem/moi/son-moi/,,,,,
,,,,,,BVLGARI,Nước hoa,https://p.ipricegroup.com/uploaded_7f232df4f094e1b3ce09bdc82e8b8704.jpg,https://iprice.vn/bvlgari/nuoc-hoa/,,,,,
,,,,,,TOM FORD,Nước hoa,https://p.ipricegroup.com/e699c2a8a370059a2b46bc7da55df297639b1fb0_0.jpg,https://iprice.vn/tom-ford/nuoc-hoa/,,,,,
,,,,,,L'Oréal,Chăm sóc da,https://p.ipricegroup.com/f77cfc43adb4f1ebba4e0fb757134d1338ad55b5_0.jpg,https://iprice.vn/loreal/cham-soc-da/,,,,,
,,,,,,HUGO BOSS,Nước hoa,https://p.ipricegroup.com/f6bf6ffceb40a872b77d6e1480282cc2bcca4686_0.jpg,https://iprice.vn/hugo-boss/nuoc-hoa/,,,,,
,,,,,,Enchanteur,Dầu gội,https://p.ipricegroup.com/f92f95dc0fdeb7166d738ee38113709e3a2b7d31_0.jpg,https://iprice.vn/enchanteur/cham-soc-toc/dau-goi/,,,,,
PLP-HB-Brand-Carousel,section13_brand,link,,,,items,,,,,,,,
,,,,,,name,image-url,url,,,,,,
,,,,,,Dior,https://a.ipricegroup.com/media/Zach__2_/dior.png,https://iprice.vn/dior/,,,,,,
,,,,,,Pond's,https://a.ipricegroup.com/brand/ponds.jpg,https://iprice.vn/ponds/,,,,,,
,,,,,,Detox BlanC,https://a.ipricegroup.com/brand/detox-blanc.jpg,https://iprice.vn/detox-blanc/,,,,,,
,,,,,,LANEIGE,https://a.ipricegroup.com/brand/laneige.jpg,https://iprice.vn/laneige/,,,,,,
,,,,,,Blackmores,https://a.ipricegroup.com/brand/blackmores.jpg,https://iprice.vn/blackmores/,,,,,,
,,,,,,Lancôme,https://a.ipricegroup.com/brand/lancome.jpg,https://iprice.vn/lancome/,,,,,,
,,,,,,Innisfree,https://a.ipricegroup.com/brand/innisfree.jpg,https://iprice.vn/innisfree/,,,,,,
,,,,,,Estée Lauder,https://a.ipricegroup.com/brand/estee-lauder.jpg,https://iprice.vn/estee-lauder/,,,,,,
,,,,,,Olay,https://a.ipricegroup.com/brand/olay.jpg,https://iprice.vn/olay/,,,,,,
,,,,,,Cetaphil,https://a.ipricegroup.com/brand/cetaphil.jpg,https://iprice.vn/cetaphil/,,,,,,
,,,,,,Isis Pharma,https://a.ipricegroup.com/brand/isis-pharma.jpg,https://iprice.vn/isis-pharma/,,,,,,
,,,,,,BALEA,https://a.ipricegroup.com/brand/balea.jpg,https://iprice.vn/balea/,,,,,,
,,,,,,Clinique,https://a.ipricegroup.com/brand/clinique.jpg,https://iprice.vn/clinique/,,,,,,
,,,,,,LOréal,https://a.ipricegroup.com/media/Zach__2_/loreal.png,https://iprice.vn/loreal/,,,,,,
,,,,,,GARNIER,https://a.ipricegroup.com/brand/garnier.jpg,https://iprice.vn/garnier/,,,,,,
,,,,,,HUXLEY,https://a.ipricegroup.com/brand/huxley.jpg,https://iprice.vn/huxley/,,,,,,
,,,,,,KOSÉ,https://a.ipricegroup.com/brand/kose.jpg,https://iprice.vn/kose/,,,,,,
,,,,,,Bio-essence,https://a.ipricegroup.com/brand/bio-essence.jpg,https://iprice.vn/bio-essence/,,,,,,
,,,,,,Shiseido,https://a.ipricegroup.com/brand/shiseido.jpg,https://iprice.vn/shiseido/,,,,,,
,,,,,,Bath & Body Works,https://a.ipricegroup.com/brand/bath-body-works.jpg,https://iprice.vn/bath-body-works/,,,,,,
,,,,,,,https://a.ipricegroup.com/media/homepage/VN_allbrands.jpg,https://iprice.vn/brands/,,,,,,
PLP-HB-Category-Carousel,section14,product-carousel,,,,,,,,,,,,
,,,,,,items,,,,,,,,
,,,,,,name,image-url,url,,,,,,
,,,,,,Chăm sóc da,https://a.ipricegroup.com/media/homepage/Icon_v2/Skin_Care.png,https://iprice.vn/cham-soc-da/,items1,,,,,
,,,,,,,,,name,url,,,,
,,,,,,,,,Chăm sóc da mặt,https://iprice.vn/cham-soc-da/mat/,,,,
,,,,,,,,,Kem tay,https://iprice.vn/cham-soc-da/tay/,,,,
,,,,,,,,,Dầu gấc,https://iprice.vn/cham-soc-da/dau-gac/,,,,
,,,,,,,,,Kem chân,https://iprice.vn/cham-soc-da/chan/,,,,
,,,,,,,,,Serum,https://iprice.vn/cham-soc-da/mat/serum/,,,,
,,,,,,Chăm sóc mắt,https://a.ipricegroup.com/media/homepage/Icon_v2/Eye_Care.png,https://iprice.vn/cham-soc-mat/,items1,,,,,
,,,,,,,,,name,url,,,,
,,,,,,,,,Thuốc nhỏ mắt,https://iprice.vn/cham-soc-mat/thuoc-nho-mat/,,,,
,,,,,,,,,Kính áp tròng,https://iprice.vn/cham-soc-mat/kinh-ap-trong/,,,,
,,,,,,,,,Mắt kính,https://iprice.vn/cham-soc-mat/mat-kinh/,,,,
,,,,,,Chăm Sóc Răng Miệng,https://a.ipricegroup.com/media/homepage/Icon_v2/Dental_Care.png,https://iprice.vn/cham-soc-rang-mieng/,items1,,,,,
,,,,,,,,,name,url,,,,
,,,,,,,,,Nước Súc Miệng,https://iprice.vn/cham-soc-rang-mieng/nuoc-suc-mieng/,,,,
,,,,,,,,,Kem đánh răng,https://iprice.vn/cham-soc-rang-mieng/kem-danh-rang/,,,,
,,,,,,,,,Bàn chải đánh răng,https://iprice.vn/cham-soc-rang-mieng/ban-chai-danh-rang/,,,,
,,,,,,,,,Răng giả,https://iprice.vn/cham-soc-rang-mieng/rang-gia/,,,,
,,,,,,,,,Dụng cụ,https://iprice.vn/cham-soc-rang-mieng/dung-cu/,,,,
,,,,,,,,,Chỉ Nha Khoa,https://iprice.vn/cham-soc-rang-mieng/chi-nha-khoa/,,,,
,,,,,,,,,Bằng tay,https://iprice.vn/cham-soc-rang-mieng/ban-chai-danh-rang/bang-tay/,,,,
,,,,,,Trang điểm,https://a.ipricegroup.com/media/homepage/Icon_v2/Make_Up.png,https://iprice.vn/trang-diem/,items1,,,,,
,,,,,,,,,name,url,,,,
,,,,,,,,,Tẩy trang,https://iprice.vn/trang-diem/tay-trang/,,,,
,,,,,,,,,Phụ kiện trang điểm,https://iprice.vn/trang-diem/phu-kien/,,,,
,,,,,,,,,Bộ trang điểm,https://iprice.vn/trang-diem/bo-trang-diem/,,,,
,,,,,,,,,Trang điểm môi,https://iprice.vn/trang-diem/moi/,,,,
,,,,,,,,,Trang điểm mặt,https://iprice.vn/trang-diem/mat/,,,,
,,,,,,,,,Tóc giả,https://iprice.vn/trang-diem/toc-gia/,,,,
,,,,,,,,,Xịt khoáng,https://iprice.vn/trang-diem/xit-khoang-giu-lop-trang-diem/,,,,
,,,,,,,,,Dụng cụ bấm mi,https://iprice.vn/trang-diem/phu-kien/dung-cu-bam-mi/,,,,
,,,,,,Nước hoa,https://a.ipricegroup.com/media/homepage/Icon_v2/Perfume.png,https://iprice.vn/nuoc-hoa/,items1,,,,,
,,,,,,,,,name,url,,,,
,,,,,,,,,Nước hoa EDP,https://iprice.vn/nuoc-hoa/nuoc-hoa-edp/,,,,
,,,,,,,,,Nước hoa EDC,https://iprice.vn/nuoc-hoa/nuoc-hoa-edc/,,,,
,,,,,,,,,Nước hoa EDT,https://iprice.vn/nuoc-hoa/nuoc-hoa-edt/,,,,
,,,,,,Chăm sóc tóc,https://a.ipricegroup.com/media/homepage/Icon_v2/Hair_Care.png,https://iprice.vn/cham-soc-toc/,items1,,,,,
,,,,,,,,,name,url,,,,
,,,,,,,,,Thuốc nhuộm tóc,https://iprice.vn/cham-soc-toc/thuoc-nhuom/,,,,
,,,,,,,,,Dầu xả,https://iprice.vn/cham-soc-toc/dau-xa/,,,,
,,,,,,,,,Dưỡng tóc,https://iprice.vn/cham-soc-toc/duong-toc/,,,,
,,,,,,,,,Dầu gội,https://iprice.vn/cham-soc-toc/dau-goi/,,,,
,,,,,,,,,Tạo kiểu,https://iprice.vn/cham-soc-toc/tao-kieu/,,,,
,,,,,,,,,Kem ủ,https://iprice.vn/cham-soc-toc/duong-toc/kem-u/,,,,
,,,,,,Sản phẩm tắm & chăm sóc cơ thể,https://a.ipricegroup.com/media/homepage/Icon_v2/Bath_and_Body_.png,https://iprice.vn/san-pham-tam-cham-soc-co-the/,items1,,,,,
,,,,,,,,,name,url,,,,
,,,,,,,,,Xịt toàn thân,https://iprice.vn/san-pham-tam-cham-soc-co-the/nuoc-hoa-duong-the/,,,,
,,,,,,,,,Tinh dầu,https://iprice.vn/san-pham-tam-cham-soc-co-the/tinh-dau/,,,,
,,,,,,,,,Mát-xa,https://iprice.vn/san-pham-tam-cham-soc-co-the/mat-xa/,,,,
,,,,,,,,,Giảm cân,https://iprice.vn/san-pham-tam-cham-soc-co-the/san-pham-giam-can/,,,,
,,,,,,,,,Tinh dầu,https://iprice.vn/san-pham-tam-cham-soc-co-the/dau/,,,,
,,,,,,,,,Tẩy lông,https://iprice.vn/san-pham-tam-cham-soc-co-the/tay-long/,,,,
,,,,,,,,,Dụng cụ làm đẹp,https://iprice.vn/san-pham-tam-cham-soc-co-the/dung-cu/,,,,
,,,,,,,,,Sản phẩm vệ sinh phụ nữ,https://iprice.vn/san-pham-tam-cham-soc-co-the/san-pham-ve-sinh-phu-nu/,,,,
,,,,,,Thực phẩm bổ sung,https://a.ipricegroup.com/media/homepage/Icon_v2/Supplement.png,https://iprice.vn/thuc-pham-bo-sung/,items1,,,,,
,,,,,,,,,name,url,,,,
,,,,,,,,,Sữa tăng cân,https://iprice.vn/thuc-pham-bo-sung/tang-can/,,,,
,,,,,,,,,Thực phẩm giảm cân,https://iprice.vn/thuc-pham-bo-sung/giam-can/,,,,
,,,,,,,,,Bổ sung collagen,https://iprice.vn/thuc-pham-bo-sung/collagen/,,,,
,,,,,,,,,Thực phẩm ăn kiêng,https://iprice.vn/thuc-pham-bo-sung/thuc-pham-an-kieng/,,,,
,,,,,,,,,Tảo mặt trời,https://iprice.vn/thuc-pham-bo-sung/tao-mat-troi/,,,,
,,,,,,,,,Khoáng chất,https://iprice.vn/thuc-pham-bo-sung/khoang-chat/,,,,
,,,,,,,,,Sản phẩm chống lão hoá,https://iprice.vn/thuc-pham-bo-sung/san-pham-chong-lao-hoa/,,,,
,,,,,,,,,Hạt chia,https://iprice.vn/thuc-pham-bo-sung/hat-chia/,,,,
,,,,,,,,,Vitamins,https://iprice.vn/thuc-pham-bo-sung/vitamins/,,,,
,,,,,,Dụng cụ cạo râu,https://a.ipricegroup.com/media/homepage/Icon_v2/Shaving_Supplies.png,https://iprice.vn/dung-cu-cao-rau/,items1,,,,,
,,,,,,,,,name,url,,,,
,,,,,,,,,Dao cạo,https://iprice.vn/dung-cu-cao-rau/dao-cao/,,,,
,,,,,,,,,Dưỡng da sau khi cạo râu,https://iprice.vn/dung-cu-cao-rau/duong-da-sau-khi-cao-rau/,,,,
,,,,,,,,,Kem cạo râu,https://iprice.vn/dung-cu-cao-rau/kem-cao-rau/,,,,
,,,,,,,,,Lưỡi dao cạo,https://iprice.vn/dung-cu-cao-rau/luoi-dao-cao/,,,,
,,,,,,,,,Gel cạo râu,https://iprice.vn/dung-cu-cao-rau/gel-cao-rau/,,,,
,,,,,,,,,Máy tỉa & Tông đơ,https://iprice.vn/dung-cu-cao-rau/may-tia-tong-do/,,,,
,,,,,,Thiết bị y tế,https://a.ipricegroup.com/media/homepage/Icon_v2/Medical_Supplies.png,https://iprice.vn/thiet-bi-y-te/,items1,,,,,
,,,,,,,,,name,url,,,,
,,,,,,,,,Cân sức khỏe,https://iprice.vn/thiet-bi-y-te/can/,,,,
,,,,,,,,,Nhiệt kế,https://iprice.vn/thiet-bi-y-te/nhiet-ke/,,,,
,,,,,,,,,Xe lăn,https://iprice.vn/thiet-bi-y-te/xe-lan/,,,,
,,,,,,,,,Chăm sóc chấn thương,https://iprice.vn/thiet-bi-y-te/cham-soc-chan-thuong/,,,,
,,,,,,,,,Máy phân tích lượng mỡ cơ thể,https://iprice.vn/thiet-bi-y-te/may-phan-tich-luong-mo-co-the/,,,,
,,,,,,,,,Máy phân tích lượng mỡ cơ thể,https://iprice.vn/thiet-bi-y-te/may-phan-tich-luong-mo-co-the/,,,,
,,,,,,,,,Hỗ trợ tình dục,https://iprice.vn/thiet-bi-y-te/ho-tro-tinh-duc/,,,,
,,,,,,,,,Sơ cứu,https://iprice.vn/thiet-bi-y-te/so-cuu/,,,,
,,,,,,,,,Huyết áp,https://iprice.vn/thiet-bi-y-te/huyet-ap/,,,,
,,,,,,,,,Khẩu trang y tế,https://iprice.vn/thiet-bi-y-te/khau-trang-y-te/,,,,
,,,,,,,,,Dụng cụ xét nghiệm,https://iprice.vn/thiet-bi-y-te/dung-cu-xet-nghiem/,,,,
,,,,,,,,,Giường bệnh,https://iprice.vn/thiet-bi-y-te/giuong-benh/,,,,
,,,,,,,,,Ghế vệ sinh,https://iprice.vn/thiet-bi-y-te/ghe-ve-sinh/,,,,
,,,,,,,,,Máy xông mũi họng,https://iprice.vn/thiet-bi-y-te/may-xong-mui-hong/,,,,
,,,,,,,,,Đường huyết,https://iprice.vn/thiet-bi-y-te/duong-huyet/,,,,
PDP-HB-Carousel,section2,product-carousel,,,,items,,,,,,,,
,,,,,,name,price,store-count,image-url,url,,,,
,,,,,,Dior Addict Lip Maximizer,590.000 đ,3,https://p.ipricegroup.com/uploaded_3cefea37cf4e51e6a69bdbf51748ad09.jpg,https://iprice.vn/gia-ban/dior-addict-lip-maximizer/,,,,
,,,,,,Ralph Lauren Polo Blue,320.760 đ,1,https://p.ipricegroup.com/uploaded_707bd53ace77ec4d6b8198fd119d7e1b.jpg,https://iprice.vn/gia-ban/ralph-lauren-polo-blue/,,,,
,,,,,,BVLGARI Aqva Pour Homme For Men 100ml,1.170.000 đ,5,https://p.ipricegroup.com/uploaded_0257d0efdc50f21787dae35f66f4b104.jpg,https://iprice.vn/gia-ban/bvlgari-aqva-pour-homme-for-men-100ml/,,,,
,,,,,,3CE Lily Maymac,315.000 đ,1,https://p.ipricegroup.com/uploaded_71cf95ba11aa3bcca4796b5b9244a33f.jpg,https://iprice.vn/gia-ban/3ce-lily-maymac/,,,,
,,,,,,"BoniHair Viên uống chông bạc tóc, rụng tóc",299.000 đ,2,https://p.ipricegroup.com/uploaded_ee338cd672a836335a2adfa1e952df06.jpg,https://iprice.vn/gia-ban/bonihair-vien-uong-chong-bac-toc-rung-toc/,,,,
,,,,,,BVLGARI Rose Essentielle,1.450.000 đ,5,https://p.ipricegroup.com/uploaded_7f232df4f094e1b3ce09bdc82e8b8704.jpg,https://iprice.vn/gia-ban/bvlgari-rose-essentielle/,,,,
,,,,,,Ralph Lauren Polo Red,350.000 đ,5,https://p.ipricegroup.com/uploaded_d9ee2d9f34389dfa8ab3ebde4aea4fc7.jpg,https://iprice.vn/gia-ban/ralph-lauren-polo-red/,,,,
,,,,,,Charme 212 Sexy,210.000 đ,6,https://p.ipricegroup.com/uploaded_0637400350d66d7bc75b22fa46c03e8c.jpg,https://iprice.vn/gia-ban/charme-212-sexy/,,,,
,,,,,,Dior Jadore,103.000 đ,6,https://p.ipricegroup.com/uploaded_e7ca8329760a1d6c705f6cdf25e96389.jpg,https://iprice.vn/gia-ban/dior-jadore/,,,,
,,,,,,ENAT 400,88.000 đ,2,https://p.ipricegroup.com/uploaded_f9bd3d1bdf76a028b376e74a2a7fee82.jpg,https://iprice.vn/gia-ban/enat-400/,,,,
,,,,,,Philips 5000 series HC5450 Hair Clipper,1.889.000 đ,3,https://p.ipricegroup.com/21042530_0.jpg,https://iprice.vn/gia-ban/philips-5000-series-hc5450-hair-clipper/,,,,
,,,,,,Clinique Long Last Lipstick,272.800 đ,1,https://p.ipricegroup.com/uploaded_f15ee07575de4a4b218b4e35527cbf47.jpg,https://iprice.vn/gia-ban/clinique-long-last-lipstick/,,,,
,,,,,,Dior Glow,201.000 đ,5,https://p.ipricegroup.com/uploaded_989ae438c373b08ac3ec4b274d57a277.jpg,https://iprice.vn/gia-ban/dior-glow/,,,,
,,,,,,Clinique Chubby Stick Intense,200.200 đ,1,https://p.ipricegroup.com/uploaded_5fa05f472644ec6f752498b48c56cb69.jpg,https://iprice.vn/gia-ban/clinique-chubby-stick-intense/,,,,
,,,,,,Clinique Lash Power Black Onyx,263.780 đ,3,https://p.ipricegroup.com/uploaded_cdd6c0ce1755a69206e4ba7af91e7470.jpg,https://iprice.vn/gia-ban/clinique-lash-power-black-onyx/,,,,
,,,,,,Dạ Hương 100ml,28.000 đ,2,https://p.ipricegroup.com/c15028c9265142754d46b0eb01cf29c682473cc7_0.jpg,https://iprice.vn/gia-ban/da-huong-100ml/,,,,
,,,,,,Kemei KM-1120,168.400 đ,3,https://p.ipricegroup.com/uploaded_698fcef8cfb9ba26672591ea39a96d60.jpg,https://iprice.vn/gia-ban/kemei-km-1120/,,,,
,,,,,,Kirkland Signature Vitamin E 400 IU,298.000 đ,1,https://p.ipricegroup.com/uploaded_c23390cbff255a62a21696a8b0f9f001.jpg,https://iprice.vn/gia-ban/kirkland-signature-vitamin-e-400-iu/,,,,
,,,,,,Nivea Soft,57.500 đ,5,https://p.ipricegroup.com/uploaded_013f111308cb2d04e515dc29df38bd80.jpg,https://iprice.vn/gia-ban/nivea-soft/,,,,
,,,,,,OMRON HEM-8712,636.000 đ,6,https://p.ipricegroup.com/uploaded_2414410b4801841ebe61fa2b454fc1a4.jpg,https://iprice.vn/gia-ban/omron-hem-8712/,,,,
PDP-HB-SeeMore,section2,product-carousel,,,,items,,,,,,,,
,,,,,,name,image-url,url,,,,,,
,,,,,,Philips HC3426/15,https://p.ipricegroup.com/uploaded_045a6ae9dab056591266ce8a541d0250.jpg,https://iprice.vn/gia-ban/philips-hc342615/,,,,,,
,,,,,,Bourjois Rouge Edition Lipstick,https://p.ipricegroup.com/uploaded_42fdc3505d3ae72d0a590a52d7307766.jpg,https://iprice.vn/gia-ban/bourjois-rouge-edition-lipstick/,,,,,,
,,,,,,Bourjois Rouge Edition Velvet,https://p.ipricegroup.com/uploaded_4718e0b2f672f1516b17634dad242820.jpg,https://iprice.vn/gia-ban/bourjois-rouge-edition-velvet/,,,,,,
,,,,,,Carolina Herrera 212 Sexy Men,https://p.ipricegroup.com/uploaded_8eb7cd1055322af844af0fa5715e4c24.jpg,https://iprice.vn/gia-ban/carolina-herrera-212-sexy-men/,,,,,,
,,,,,,Carolina Herrera 212 VIP Men,https://p.ipricegroup.com/uploaded_d90a38546b7635280f77ac7d6513de57.jpg,https://iprice.vn/gia-ban/carolina-herrera-212-vip-men/,,,,,,
,,,,,,CeraVe Foaming Facial Cleanser,https://p.ipricegroup.com/uploaded_68d3f4a553252599d231980a22d5c558.jpg,https://iprice.vn/gia-ban/cerave-foaming-facial-cleanser/,,,,,,
,,,,,,Enprani Delicate Luminous Lipstick,https://p.ipricegroup.com/uploaded_e6daa47f073281037454fe257742a937.jpg,https://iprice.vn/gia-ban/enprani-delicate-luminous-lipstick/,,,,,,
,,,,,,Maybelline Color Sensational Rebel Bouquet Lipstick,https://p.ipricegroup.com/uploaded_dfa86111a1d20d36d71e5ae112866ced.jpg,https://iprice.vn/gia-ban/maybelline-color-sensational-rebel-bouquet-lipstick/,,,,,,
,,,,,,Maybelline Lash Sensational Mascara,https://p.ipricegroup.com/uploaded_7b5f4649210432f04f1753b438c16306.jpg,https://iprice.vn/gia-ban/maybelline-lash-sensational-mascara/,,,,,,
,,,,,,NYX Butter LipStick,https://p.ipricegroup.com/uploaded_b5f8a33382ad33102434c7445fc10332.jpg,https://iprice.vn/gia-ban/nyx-butter-lipstick/,,,,,,
PDP-PLP-SeeMore,section10,link,Các sản phẩm khác,1234,1234,items,,,,,,,,
,,,,,,name,image-url,url,,,,,,
,,,,,,adidas Giày dép,https://p.ipricegroup.com/8e2195425608bf78a1b62dcd14a4624e68bf2ffb_0.jpg,https://iprice.vn/adidas/giay-dep/,,,,,,
,,,,,,adidas Quần áo thời trang,https://p.ipricegroup.com/0791f69418945f7156970fb330db27dbf56090f7_0.jpg,https://iprice.vn/adidas/quan-ao/,,,,,,
,,,,,,Nike Giày dép,https://p.ipricegroup.com/uploaded_da9a5ddbbe208dfddddbbdb4d5b18609.jpg,https://iprice.vn/nike/giay-dep/,,,,,,
,,,,,,Nike Giày thể thao,https://p.ipricegroup.com/2e5fcfa0ea9ffc17b49a088d5006575ae700fb77_0.jpg,https://iprice.vn/nike/giay-dep/the-thao/,,,,,,
,,,,,,Shimano Cần câu,https://p.ipricegroup.com/0004e12e6b4e83271f0766668363fc2daf8a0a2c_0.jpg,https://iprice.vn/shimano/the-thao-da-ngoai/cau-ca/can-cau/,,,,,,
,,,,,,Áo kiểu nữ,https://p.ipricegroup.com/c17171b4be97338de526c6f90e20c5669581c5e4_0.jpg,https://iprice.vn/quan-ao/ao/kieu/,,,,,,
,,,,,,Bàn trang điểm,https://p.ipricegroup.com/9b8fdb6a72d0516bda2c7aca78d524274117e710_0.jpg,https://iprice.vn/phong-ngu/ban/trang-diem/,,,,,,
,,,,,,innisfree Innisfree,https://p.ipricegroup.com/32114603b336c286c73060a035723144a904467e_0.jpg,https://iprice.vn/innisfree/,,,,,,
,,,,,,Việt Tiến Quần áo thời trang,https://p.ipricegroup.com/f2787a351216b140d5e8db7650fbdccaa1c76aaf_0.jpg,https://iprice.vn/viet-tien/quan-ao/,,,,,,
,,,,,,Lancôme Nước hoa,https://p.ipricegroup.com/377b32fe9afc1776c2ac6986e6ed787214e27803_0.jpg,https://iprice.vn/lancome/nuoc-hoa/,,,,,,
,,,,,,Biti's Giày dép,https://p.ipricegroup.com/e38d53a7a6a33e82deeb0ef370aebeafefdc94f4_0.jpg,https://iprice.vn/bitis/giay-dep/,,,,,,
,,,,,,Nam Cổ cao,https://p.ipricegroup.com/ba10a90898f896fe10676f942d0c555abb1ddd75_0.jpg,https://iprice.vn/giay-dep/nam/co-cao/,,,,,,
,,,,,,Đồng hồ điện tử,https://p.ipricegroup.com/dc83d1267826a7295bb469b280e010fb857c9687_0.jpg,https://iprice.vn/dong-ho/dien-tu/,,,,,,
,,,,,,Nam,https://p.ipricegroup.com/uploaded_0637400350d66d7bc75b22fa46c03e8c.jpg,https://iprice.vn/nuoc-hoa/nam/,,,,,,
,,,,,,HP EliteBook 8440p,https://p.ipricegroup.com/uploaded_54989f2278c2bf1faa2dcca191edd202.jpg,https://iprice.vn/gia-ban/hp-elitebook-8440p/,,,,,,
,,,,,,OPPO F1s,https://p.ipricegroup.com/uploaded_60f0d6630967c772376248ca37bc4893.jpg,https://iprice.vn/gia-ban/oppo-f1s/,,,,,,
,,,,,,Lenovo Yoga Book,https://p.ipricegroup.com/uploaded_6a72f451c6bec44d623c023f3645be4f.jpg,https://iprice.vn/gia-ban/lenovo-yoga-book/,,,,,,
,,,,,,Loa di động bluetooth,https://p.ipricegroup.com/uploaded_bf42fc264386a33b9bc200094b20ba4a.jpg,https://iprice.vn/gia-ban/google-home-mini/,,,,,,
,,,,,,Nintendo Game Boy Advance SP,https://p.ipricegroup.com/30972493_0.jpg,https://iprice.vn/gia-ban/nintendo-game-boy-advance-sp/,,,,,,
,,,,,,Apple Watch Series 1,https://p.ipricegroup.com/uploaded_c3abce75f82ff63c43beea8a12c3b3db.jpg,https://iprice.vn/gia-ban/apple-watch-series-1/,,,,,,
End,,,,,,,,,,,,,,