https://iprice.my/too-cool-for-school/makeup/face/,12/12/18,https://ipricethailand.com/too-cool-for-school/%E0%B9%80%E0%B8%84%E0%B8%A3%E0%B8%AD%E0%B8%87%E0%B8%AA%E0%B8%B3%E0%B8%AD%E0%B8%B2%E0%B8%87/%E0%B9%83%E0%B8%9A%E0%B8%AB%E0%B8%99%E0%B8%B2/,true
https://iprice.my/adidas/ultraboost/laceless/shoes/sports/running/,12/11/18,https://iprice.co.id/adidas/ultraboost/laceless/sepatu/olahraga/lari/,"true"
https://iprice.my/mastela/baby-gear/activity/bouncers/,12/11/18,https://iprice.co.id/mastela/perlengkapan-bayi/aktivitas/bouncer/,"true"
https://iprice.my/nike/mercurial/vapor/shoes/sports/football-futsal/,12/11/18,https://iprice.co.id/nike/mercurial/vapor/sepatu/olahraga/sepakbola-futsal/,"true"
https://iprice.my/serta/home-office/chairs/,12/11/18,https://iprice.co.id/serta/ruang-kerja/kursi/,"true"
https://iprice.my/adidas/ultraboost/laceless/shoes/sports/running/,12/11/18,https://iprice.ph/adidas/ultraboost/laceless/shoes/sports/running/,"true"
https://iprice.my/serta/home-office/chairs/,12/11/18,https://iprice.ph/serta/home-office/chairs/,"true"
https://iprice.my/xixili%C2%A0/,12/11/18,https://iprice.ph/xixili%C2%A0/,"true"
https://iprice.my/kose/makeup/face/,12/11/18,https://ipricethailand.com/kose/%E0%B9%80%E0%B8%84%E0%B8%A3%E0%B8%AD%E0%B8%87%E0%B8%AA%E0%B8%B3%E0%B8%AD%E0%B8%B2%E0%B8%87/%E0%B9%83%E0%B8%9A%E0%B8%AB%E0%B8%99%E0%B8%B2/,"true"
https://iprice.my/physicians-formula/makeup/face/,12/11/18,https://ipricethailand.com/physicians-formula/%E0%B9%80%E0%B8%84%E0%B8%A3%E0%B8%AD%E0%B8%87%E0%B8%AA%E0%B8%B3%E0%B8%AD%E0%B8%B2%E0%B8%87/%E0%B9%83%E0%B8%9A%E0%B8%AB%E0%B8%99%E0%B8%B2/,"true"
https://iprice.my/adidas/ultraboost/laceless/shoes/sports/running/,12/11/18,https://iprice.sg/adidas/ultraboost/laceless/shoes/sports/running/,"true"
https://iprice.my/videng-polo/bags/schools/,12/11/18,https://iprice.sg/videng-polo/bags/schools/,"true"
https://iprice.my/adidas/ultraboost/laceless/shoes/sports/running/,12/11/18,https://iprice.vn/adidas/ultraboost/laceless/giay-dep/the-thao/chay-bo/,"true"
https://iprice.my/kose/makeup/face/,12/11/18,https://iprice.vn/kose/trang-diem/mat/,"true"
https://iprice.my/physicians-formula/makeup/face/,12/11/18,https://iprice.vn/physicians-formula/trang-diem/mat/,"true"
https://iprice.my/xixili%C2%A0/,12/11/18,https://iprice.hk/xixili%C2%A0/,"true"
https://iprice.my/bianca-chandon/,12/10/18,https://iprice.co.id/bianca-chandon/,"false"
https://iprice.my/bosch/makeup/accessories/brushes/,12/10/18,https://iprice.co.id/bosch/makeup/aksesoris/kuas/,"false"
https://iprice.my/chanel/shoes/flats/,12/10/18,https://iprice.co.id/chanel/sepatu/teplek/,"false"
https://iprice.my/nike/mercurial/vapor/,12/10/18,https://iprice.co.id/nike/mercurial/vapor/,"true"
https://iprice.my/chanel/shoes/flats/,12/10/18,https://iprice.ph/chanel/shoes/flats/,"false"
https://iprice.my/jaguar/clothing/belts/,12/10/18,https://iprice.ph/jaguar/clothing/belts/,"false"
https://iprice.my/nike/mercurial/vapor/,12/10/18,https://iprice.ph/nike/mercurial/vapor/,"true"
https://iprice.my/no/clothing/belts/,12/10/18,https://iprice.ph/no/clothing/belts/,"false"
https://iprice.my/seobean/clothing/swimwear/shorts/,12/10/18,https://iprice.ph/seobean/clothing/swimwear/shorts/,"false"
https://iprice.my/murad/skin-care/eyes/,12/10/18,https://ipricethailand.com/murad/%E0%B8%9C%E0%B8%A5%E0%B8%95%E0%B8%A0%E0%B8%93%E0%B8%91%E0%B8%94%E0%B9%81%E0%B8%A5%E0%B8%9C%E0%B8%A7/%E0%B8%94%E0%B8%A7%E0%B8%87%E0%B8%95%E0%B8%B2/,"true"
https://iprice.my/no/clothing/belts/,12/10/18,https://ipricethailand.com/no/%E0%B9%80%E0%B8%84%E0%B8%A3%E0%B8%AD%E0%B8%87%E0%B9%81%E0%B8%95%E0%B8%87%E0%B8%81%E0%B8%B2%E0%B8%A2/%E0%B9%80%E0%B8%82%E0%B8%A1%E0%B8%82%E0%B8%94/,"false"
https://iprice.my/peripera/makeup/face/,12/10/18,https://ipricethailand.com/peripera/%E0%B9%80%E0%B8%84%E0%B8%A3%E0%B8%AD%E0%B8%87%E0%B8%AA%E0%B8%B3%E0%B8%AD%E0%B8%B2%E0%B8%87/%E0%B9%83%E0%B8%9A%E0%B8%AB%E0%B8%99%E0%B8%B2/,"true"
https://iprice.my/roger-gallet/perfume/women/,12/10/18,https://ipricethailand.com/roger-gallet/%E0%B8%99%E0%B8%B3%E0%B8%AB%E0%B8%AD%E0%B8%A1/%E0%B8%9C%E0%B8%AB%E0%B8%8D%E0%B8%87/,"true"
https://iprice.my/aldo/clothing/belts/,12/10/18,https://iprice.sg/aldo/clothing/belts/,"false"
https://iprice.my/amart/clothing/semi-formal-attire/,12/10/18,https://iprice.sg/amart/clothing/semi-formal-attire/,"false"
https://iprice.my/le-cortina-by-andrea-ventura/shoes/boots/,12/10/18,https://iprice.sg/le-cortina-by-andrea-ventura/shoes/boots/,"false"
https://iprice.my/lerre/shoes/boots/,12/10/18,https://iprice.sg/lerre/shoes/boots/,"false"
https://iprice.my/roger-gallet/perfume/women/,12/10/18,https://iprice.sg/roger-gallet/perfume/women/,"true"
https://iprice.my/murad/skin-care/eyes/,12/10/18,https://iprice.vn/murad/cham-soc-da/mat/,"true"
https://iprice.my/nike/toys/,12/10/18,https://iprice.vn/nike/do-choi/,"false"
https://iprice.my/people/shoes/,12/10/18,https://iprice.vn/people/giay-dep/,"false"
https://iprice.my/peripera/makeup/face/,12/10/18,https://iprice.vn/peripera/trang-diem/mat/,"true"
https://iprice.my/le-cortina-by-andrea-ventura/shoes/boots/,12/10/18,https://iprice.hk/le-cortina-by-andrea-ventura/shoes/boots/,"false"
https://iprice.my/100/toys/party-supplies/,12/9/18,https://iprice.co.id/100/mainan/perlengkapan-pesta/,"false"
https://iprice.my/avon/kids-clothing/,12/9/18,https://iprice.co.id/avon/pakaian-anak/,"false"
https://iprice.my/bohemia/clothing/scarves/,12/9/18,https://iprice.co.id/bohemia/pakaian/syal/,"false"
https://iprice.my/cross/clothing/men/,12/9/18,https://iprice.co.id/cross/pakaian/pria/,"false"
https://iprice.my/esp/clothing/,12/9/18,https://iprice.co.id/esp/pakaian/,"false"
https://iprice.my/flamingo/phones-tablets/accessories/,12/9/18,https://iprice.co.id/flamingo/ponsel-tablet/aksesoris/,"false"
https://iprice.my/handmade/bags/women/,12/9/18,https://iprice.co.id/handmade/tas/wanita/,"false"
https://iprice.my/jaguar/eyecare/,12/9/18,https://iprice.co.id/jaguar/perawatan-mata/,"true"
https://iprice.my/kala/clothing/,12/9/18,https://iprice.co.id/kala/pakaian/,"false"
https://iprice.my/one-piece/kids-clothing/,12/9/18,https://iprice.co.id/one-piece/pakaian-anak/,"false"
https://iprice.my/smart/phones-tablets/accessories/cable-chargers/,12/9/18,https://iprice.co.id/smart/ponsel-tablet/aksesoris/kabel-charger/,"false"
https://iprice.my/summer/bags/women/backpacks/,12/9/18,https://iprice.co.id/summer/tas/wanita/ransel/,"false"
https://iprice.my/supreme/clothing/men/,12/9/18,https://iprice.co.id/supreme/pakaian/pria/,"false"
https://iprice.my/supreme/clothing/women/,12/9/18,https://iprice.co.id/supreme/pakaian/wanita/,"false"
https://iprice.my/velvet/bags/wallets/,12/9/18,https://iprice.co.id/velvet/tas/dompet/,"false"
https://iprice.my/za/clothing/hijabs/,12/9/18,https://iprice.co.id/za/pakaian/jilbab/,"false"
https://iprice.my/360dsc/bathroom/shower/curtains/,12/9/18,https://iprice.ph/360dsc/bathroom/shower/curtains/,"false"
https://iprice.my/adidas/clothing/men/t-shirts/round-neck/,12/9/18,https://iprice.ph/adidas/clothing/men/t-shirts/round-neck/,"false"
https://iprice.my/avon/kids-clothing/,12/9/18,https://iprice.ph/avon/kids-clothing/,"false"
https://iprice.my/ez/camera-photo/cctv/,12/9/18,https://iprice.ph/ez/camera-photo/cctv/,"false"
https://iprice.my/handmade/bags/women/,12/9/18,https://iprice.ph/handmade/bags/women/,"false"
https://iprice.my/jaguar/eyecare/,12/9/18,https://iprice.ph/jaguar/eyecare/,"true"
https://iprice.my/m2/kids-clothing/,12/9/18,https://iprice.ph/m2/kids-clothing/,"false"
https://iprice.my/mel/skin-care/face/,12/9/18,https://iprice.ph/mel/skin-care/face/,"false"
https://iprice.my/mon-purse/bags/handbags/pouches/,12/9/18,https://iprice.ph/mon-purse/bags/handbags/pouches/,"false"
https://iprice.my/nike/tanjun/shoes/sports/,12/9/18,https://iprice.ph/nike/tanjun/shoes/sports/,"true"
https://iprice.my/romwe/clothing/dresses/maxi/,12/9/18,https://iprice.ph/romwe/clothing/dresses/maxi/,"true"
https://iprice.my/shein/clothing/jumpsuits/,12/9/18,https://iprice.ph/shein/clothing/jumpsuits/,"false"
https://iprice.my/supreme/clothing/women/,12/9/18,https://iprice.ph/supreme/clothing/women/,"false"
https://iprice.my/xiaomi/kitchen-dining/,12/9/18,https://iprice.ph/xiaomi/kitchen-dining/,"false"
https://iprice.my/100/hair-care/treatments/serums/,12/9/18,https://ipricethailand.com/100/%E0%B8%9C%E0%B8%A5%E0%B8%95%E0%B8%A0%E0%B8%93%E0%B8%91%E0%B8%94%E0%B9%81%E0%B8%A5%E0%B9%80%E0%B8%AA%E0%B8%99%E0%B8%9C%E0%B8%A1/%E0%B8%97%E0%B8%A3%E0%B8%97%E0%B9%80%E0%B8%A1%E0%B8%99%E0%B8%97/%E0%B9%80%E0%B8%8B%E0%B8%A3%E0%B8%A1/,"false"
https://iprice.my/bigen/makeup/,12/9/18,https://ipricethailand.com/bigen/%E0%B9%80%E0%B8%84%E0%B8%A3%E0%B8%AD%E0%B8%87%E0%B8%AA%E0%B8%B3%E0%B8%AD%E0%B8%B2%E0%B8%87/,"false"
https://iprice.my/dqdk/jewellery/necklaces/,12/9/18,https://ipricethailand.com/dqdk/%E0%B9%80%E0%B8%84%E0%B8%A3%E0%B8%AD%E0%B8%87%E0%B8%9B%E0%B8%A3%E0%B8%B0%E0%B8%94%E0%B8%9A/%E0%B8%AA%E0%B8%A3%E0%B8%AD%E0%B8%A2%E0%B8%84%E0%B8%AD/,"false"
https://iprice.my/esp/clothing/,12/9/18,https://ipricethailand.com/esp/%E0%B9%80%E0%B8%84%E0%B8%A3%E0%B8%AD%E0%B8%87%E0%B9%81%E0%B8%95%E0%B8%87%E0%B8%81%E0%B8%B2%E0%B8%A2/,"false"
https://iprice.my/kiwi/housekeeping/floor-care/detergents/,12/9/18,https://ipricethailand.com/kiwi/%E0%B8%AD%E0%B8%9B%E0%B8%81%E0%B8%A3%E0%B8%93%E0%B8%97%E0%B8%B3%E0%B8%84%E0%B8%A7%E0%B8%B2%E0%B8%A1%E0%B8%AA%E0%B8%B0%E0%B8%AD%E0%B8%B2%E0%B8%94%E0%B8%9A%E0%B8%B2%E0%B8%99/%E0%B8%94%E0%B9%81%E0%B8%A5%E0%B8%A3%E0%B8%81%E0%B8%A9%E0%B8%B2%E0%B8%9E%E0%B8%99/%E0%B8%99%E0%B8%B3%E0%B8%A2%E0%B8%B2%E0%B8%96%E0%B8%9E%E0%B8%99/,"true"
https://iprice.my/nike/tanjun/shoes/sports/,12/9/18,https://ipricethailand.com/nike/tanjun/%E0%B8%A3%E0%B8%AD%E0%B8%87%E0%B9%80%E0%B8%97%E0%B8%B2/%E0%B8%81%E0%B8%AC%E0%B8%B2/,"true"
https://iprice.my/sam/phones-tablets/accessories/,12/9/18,https://ipricethailand.com/sam/%E0%B9%82%E0%B8%97%E0%B8%A3%E0%B8%A8%E0%B8%9E%E0%B8%97%E0%B9%81%E0%B8%A5%E0%B8%B0%E0%B9%81%E0%B8%97%E0%B8%9A%E0%B9%80%E0%B8%A5%E0%B8%95/%E0%B8%AD%E0%B8%9B%E0%B8%81%E0%B8%A3%E0%B8%93%E0%B9%80%E0%B8%AA%E0%B8%A3%E0%B8%A1/,"false"
https://iprice.my/ueelr/audio-hi-fi/headphones/in-ear/,12/9/18,https://ipricethailand.com/ueelr/%E0%B9%80%E0%B8%84%E0%B8%A3%E0%B8%AD%E0%B8%87%E0%B9%80%E0%B8%AA%E0%B8%A2%E0%B8%87%E0%B9%81%E0%B8%A5%E0%B8%B0-hi-fi/%E0%B8%AB%E0%B8%9F%E0%B8%87/in-ear/,"false"
https://iprice.my/yaqin/jewellery/,12/9/18,https://ipricethailand.com/yaqin/%E0%B9%80%E0%B8%84%E0%B8%A3%E0%B8%AD%E0%B8%87%E0%B8%9B%E0%B8%A3%E0%B8%B0%E0%B8%94%E0%B8%9A/,"false"
https://iprice.my/adidas/clothing/men/t-shirts/round-neck/,12/9/18,https://iprice.sg/adidas/clothing/men/t-shirts/round-neck/,"false"
https://iprice.my/avon/kids-clothing/,12/9/18,https://iprice.sg/avon/kids-clothing/,"false"
https://iprice.my/dd-oo/shoes/flats/,12/9/18,https://iprice.sg/dd-oo/shoes/flats/,"false"
https://iprice.my/nike/tanjun/shoes/sports/,12/9/18,https://iprice.sg/nike/tanjun/shoes/sports/,"true"
https://iprice.my/queen/clothing/muslimah/,12/9/18,https://iprice.sg/queen/clothing/muslimah/,"false"
https://iprice.my/shein/clothing/jumpsuits/,12/9/18,https://iprice.sg/shein/clothing/jumpsuits/,"false"
https://iprice.my/supreme/clothing/men/,12/9/18,https://iprice.sg/supreme/clothing/men/,"false"
https://iprice.my/xiaomi/kitchen-dining/,12/9/18,https://iprice.sg/xiaomi/kitchen-dining/,"false"
https://iprice.my/360dsc/bathroom/shower/curtains/,12/9/18,https://iprice.vn/360dsc/phong-tam/voi-sen/rem-chan/,"false"
https://iprice.my/avon/kids-clothing/,12/9/18,https://iprice.vn/avon/quan-ao-tre-em/,"false"
https://iprice.my/handmade/bags/women/,12/9/18,https://iprice.vn/handmade/tui/nu/,"false"
https://iprice.my/m2/kids-clothing/,12/9/18,https://iprice.vn/m2/quan-ao-tre-em/,"false"
https://iprice.my/summer/bags/women/backpacks/,12/9/18,https://iprice.vn/summer/tui/nu/ba-lo/,"false"
https://iprice.my/supreme/clothing/women/,12/9/18,https://iprice.vn/supreme/quan-ao/nu/,"false"
https://iprice.my/tevise/watches/men/analogue/,12/9/18,https://iprice.vn/tevise/dong-ho/nam/kieu-truyen-thong/,"false"
https://iprice.my/dr-martens/metallic/,12/9/18,https://iprice.hk/dr-martens/metallic/,"false"
https://iprice.my/jaguar/eyecare/,12/9/18,https://iprice.hk/jaguar/eyecare/,"true"
https://iprice.my/noah-nyc/clothing/,12/9/18,https://iprice.hk/noah-nyc/clothing/,"false"
https://iprice.my/b-bag/bags/,12/8/18,https://iprice.co.id/b-bag/tas/,"false"
https://iprice.my/jam/watches/men/,12/8/18,https://iprice.co.id/jam/jam-tangan/pria/,"false"
https://iprice.my/lock-lock/bags/,12/8/18,https://iprice.co.id/lock-lock/tas/,"false"
https://iprice.my/ele/computing/hardware/,12/8/18,https://iprice.ph/ele/computing/hardware/,"false"
https://iprice.my/little-eleven-paris/clothing/t-shirts/,12/8/18,https://iprice.ph/little-eleven-paris/clothing/t-shirts/,"false"
https://iprice.my/romwe/clothing/shorts/,12/8/18,https://iprice.ph/romwe/clothing/shorts/,"false"
https://iprice.my/uni/clothing/men/hoodies-and-sweatshirts/,12/8/18,https://iprice.ph/uni/clothing/men/hoodies-and-sweatshirts/,"false"
https://iprice.my/vero-moda/shoes/sandals/,12/8/18,https://iprice.ph/vero-moda/shoes/sandals/,"false"
https://iprice.my/360dsc/bags/schools/,12/8/18,https://iprice.sg/360dsc/bags/schools/,"false"
https://iprice.my/gucci-shoes/shoes/,12/8/18,https://iprice.sg/gucci-shoes/shoes/,"false"
https://iprice.my/pur/women/,12/8/18,https://iprice.sg/pur/women/,"true"
https://iprice.my/b-bag/bags/,12/8/18,https://iprice.vn/b-bag/tui/,"false"
https://iprice.my/lock-lock/bags/,12/8/18,https://iprice.vn/lock-lock/tui/,"false"
https://iprice.my/uni/clothing/men/,12/8/18,https://iprice.vn/uni/quan-ao/nam/,"false"
https://iprice.my/360dsc/bags/travel/,12/7/18,https://iprice.co.id/360dsc/tas/travel/,"false"
https://iprice.my/almira/,12/7/18,https://iprice.co.id/almira/,"false"
https://iprice.my/baby-clothing/men/jackets/,12/7/18,https://iprice.co.id/pakaian-bayi/pria/jaket/,"false"
https://iprice.my/building-block/toys/building/,12/7/18,https://iprice.co.id/building-block/mainan/bangunan/,"false"
https://iprice.my/china-oem/bags/travel/luggage/,12/7/18,https://iprice.co.id/china-oem/tas/travel/koper/,"false"
https://iprice.my/crazy-toys/toys/,12/7/18,https://iprice.co.id/crazy-toys/mainan/,"false"
https://iprice.my/essence/makeup/lips/lipgloss/,12/7/18,https://iprice.co.id/essence/makeup/bibir/lipgloss/,"false"
https://iprice.my/happy-baby/feeding/baby-foods/snack/,12/7/18,https://iprice.co.id/happy-baby/pemberian-makanan/makanan-bayi/makanan-ringan/,"false"
https://iprice.my/hello-kitty/phones-tablets/accessories/cable-chargers/,12/7/18,https://iprice.co.id/hello-kitty/ponsel-tablet/aksesoris/kabel-charger/,"false"
https://iprice.my/jam/watches/men/digital/,12/7/18,https://iprice.co.id/jam/jam-tangan/pria/digital/,"false"
https://iprice.my/ldnio/phones-tablets/accessories/,12/7/18,https://iprice.co.id/ldnio/ponsel-tablet/aksesoris/,"false"
https://iprice.my/mutant/food-supplements/protein-powders/,12/7/18,https://iprice.co.id/mutant/suplemen-olahraga/bubuk-protein/,"false"
https://iprice.my/rainbow/clothing/raincoats/,12/7/18,https://iprice.co.id/rainbow/pakaian/jas-hujan/,"false"
https://iprice.my/romwe/clothing/t-shirts/,12/7/18,https://iprice.co.id/romwe/pakaian/kaos/,"false"
https://iprice.my/sailor-moon/phones-tablets/accessories/,12/7/18,https://iprice.co.id/sailor-moon/ponsel-tablet/aksesoris/,"false"
https://iprice.my/sesame-street/phones-tablets/accessories/cases-covers/,12/7/18,https://iprice.co.id/sesame-street/ponsel-tablet/aksesoris/sarung-penutup/,"false"
https://iprice.my/snoopy/phones-tablets/,12/7/18,https://iprice.co.id/snoopy/ponsel-tablet/,"false"
https://iprice.my/summer/phones-tablets/,12/7/18,https://iprice.co.id/summer/ponsel-tablet/,"false"
https://iprice.my/chi/bags/schools/,12/7/18,https://iprice.ph/chi/bags/schools/,"false"
https://iprice.my/cos/kids-clothing/,12/7/18,https://iprice.ph/cos/kids-clothing/,"false"
https://iprice.my/daiwa/clothing/men/,12/7/18,https://iprice.ph/daiwa/clothing/men/,"false"
https://iprice.my/deli/shoes/sports/basketball/,12/7/18,https://iprice.ph/deli/shoes/sports/basketball/,"false"
https://iprice.my/gu/watches/,12/7/18,https://iprice.ph/gu/watches/,"false"
https://iprice.my/honhx/watches/kids/,12/7/18,https://iprice.ph/honhx/watches/kids/,"false"
https://iprice.my/lucky-baby/clothing/dresses/,12/7/18,https://iprice.ph/lucky-baby/clothing/dresses/,"true"
https://iprice.my/mamas-papas/clothing/,12/7/18,https://iprice.ph/mamas-papas/clothing/,"false"
https://iprice.my/mutant/food-supplements/protein-powders/,12/7/18,https://iprice.ph/mutant/food-supplements/protein-powders/,"false"
https://iprice.my/rainbow/clothing/raincoats/,12/7/18,https://iprice.ph/rainbow/clothing/raincoats/,"false"
https://iprice.my/romwe/clothing/t-shirts/,12/7/18,https://iprice.ph/romwe/clothing/t-shirts/,"false"
https://iprice.my/sexemara/kids-clothing/,12/7/18,https://iprice.ph/sexemara/kids-clothing/,"false"
https://iprice.my/shein/clothing/dresses/casual/,12/7/18,https://iprice.ph/shein/clothing/dresses/casual/,"false"
https://iprice.my/taobao-collection/,12/7/18,https://iprice.ph/taobao-collection/,"true"
https://iprice.my/essence/makeup/lips/lipgloss/,12/7/18,https://ipricethailand.com/essence/%E0%B9%80%E0%B8%84%E0%B8%A3%E0%B8%AD%E0%B8%87%E0%B8%AA%E0%B8%B3%E0%B8%AD%E0%B8%B2%E0%B8%87/%E0%B8%A5%E0%B8%9B/%E0%B8%A5%E0%B8%9B%E0%B8%81%E0%B8%A5%E0%B8%AD%E0%B8%AA/,"false"
https://iprice.my/garmin/phones-tablets/accessories/cable-chargers/,12/7/18,https://ipricethailand.com/garmin/%E0%B9%82%E0%B8%97%E0%B8%A3%E0%B8%A8%E0%B8%9E%E0%B8%97%E0%B9%81%E0%B8%A5%E0%B8%B0%E0%B9%81%E0%B8%97%E0%B8%9A%E0%B9%80%E0%B8%A5%E0%B8%95/%E0%B8%AD%E0%B8%9B%E0%B8%81%E0%B8%A3%E0%B8%93%E0%B9%80%E0%B8%AA%E0%B8%A3%E0%B8%A1/%E0%B8%97%E0%B8%8A%E0%B8%B2%E0%B8%A3%E0%B8%88/,"false"
https://iprice.my/home/appliances/irons/,12/7/18,https://ipricethailand.com/home/%E0%B9%80%E0%B8%84%E0%B8%A3%E0%B8%AD%E0%B8%87%E0%B9%83%E0%B8%8A%E0%B9%84%E0%B8%9F%E0%B8%9F%E0%B8%B2/%E0%B9%80%E0%B8%95%E0%B8%B2%E0%B8%A3%E0%B8%94/,"false"
https://iprice.my/honeywell/home-decor/,12/7/18,https://ipricethailand.com/honeywell/%E0%B8%82%E0%B8%AD%E0%B8%87%E0%B8%95%E0%B8%81%E0%B9%81%E0%B8%95%E0%B8%87%E0%B8%9A%E0%B8%B2%E0%B8%99/,"false"
https://iprice.my/honhx/watches/kids/,12/7/18,https://ipricethailand.com/honhx/%E0%B8%99%E0%B8%B2%E0%B8%AC%E0%B8%81%E0%B8%B2%E0%B8%82%E0%B8%AD%E0%B8%A1%E0%B8%AD/%E0%B8%AA%E0%B8%B3%E0%B8%AB%E0%B8%A3%E0%B8%9A%E0%B9%80%E0%B8%94%E0%B8%81/,"false"
https://iprice.my/jinding/appliances/electric-shavers/,12/7/18,https://ipricethailand.com/jinding/%E0%B9%80%E0%B8%84%E0%B8%A3%E0%B8%AD%E0%B8%87%E0%B9%83%E0%B8%8A%E0%B9%84%E0%B8%9F%E0%B8%9F%E0%B8%B2/%E0%B9%80%E0%B8%84%E0%B8%A3%E0%B8%AD%E0%B8%87%E0%B9%82%E0%B8%81%E0%B8%99%E0%B8%AB%E0%B8%99%E0%B8%A7%E0%B8%94%E0%B9%84%E0%B8%9F%E0%B8%9F%E0%B8%B2/,"false"
https://iprice.my/ldnio/phones-tablets/accessories/,12/7/18,https://ipricethailand.com/ldnio/%E0%B9%82%E0%B8%97%E0%B8%A3%E0%B8%A8%E0%B8%9E%E0%B8%97%E0%B9%81%E0%B8%A5%E0%B8%B0%E0%B9%81%E0%B8%97%E0%B8%9A%E0%B9%80%E0%B8%A5%E0%B8%95/%E0%B8%AD%E0%B8%9B%E0%B8%81%E0%B8%A3%E0%B8%93%E0%B9%80%E0%B8%AA%E0%B8%A3%E0%B8%A1/,"false"
https://iprice.my/other/bags/,12/7/18,https://ipricethailand.com/other/%E0%B8%81%E0%B8%A3%E0%B8%B0%E0%B9%80%E0%B8%9B%E0%B8%B2/,"false"
https://iprice.my/sesame-street/phones-tablets/accessories/cases-covers/,12/7/18,https://ipricethailand.com/sesame-street/%E0%B9%82%E0%B8%97%E0%B8%A3%E0%B8%A8%E0%B8%9E%E0%B8%97%E0%B9%81%E0%B8%A5%E0%B8%B0%E0%B9%81%E0%B8%97%E0%B8%9A%E0%B9%80%E0%B8%A5%E0%B8%95/%E0%B8%AD%E0%B8%9B%E0%B8%81%E0%B8%A3%E0%B8%93%E0%B9%80%E0%B8%AA%E0%B8%A3%E0%B8%A1/%E0%B9%80%E0%B8%84%E0%B8%AA/,"false"
https://iprice.my/sexemara/kids-clothing/,12/7/18,https://ipricethailand.com/sexemara/%E0%B9%80%E0%B8%84%E0%B8%A3%E0%B8%AD%E0%B8%87%E0%B9%81%E0%B8%95%E0%B8%87%E0%B8%81%E0%B8%B2%E0%B8%A2%E0%B8%AA%E0%B8%B3%E0%B8%AB%E0%B8%A3%E0%B8%9A%E0%B9%80%E0%B8%94%E0%B8%81/,"false"
https://iprice.my/zh/bathroom/,12/7/18,https://ipricethailand.com/zh/%E0%B8%AB%E0%B8%AD%E0%B8%87%E0%B8%99%E0%B8%B3/,"false"
https://iprice.my/cos/kids-clothing/,12/7/18,https://iprice.sg/cos/kids-clothing/,"false"
https://iprice.my/enuotek/,12/7/18,https://iprice.sg/enuotek/,"false"
https://iprice.my/happy-baby/feeding/baby-foods/snack/,12/7/18,https://iprice.sg/happy-baby/feeding/baby-foods/snack/,"false"
https://iprice.my/honeywell/home-decor/,12/7/18,https://iprice.sg/honeywell/home-decor/,"false"
https://iprice.my/mango/baby-clothing/dresses/,12/7/18,https://iprice.sg/mango/baby-clothing/dresses/,"false"
https://iprice.my/sexemara/kids-clothing/,12/7/18,https://iprice.sg/sexemara/kids-clothing/,"false"
https://iprice.my/snoopy/phones-tablets/,12/7/18,https://iprice.sg/snoopy/phones-tablets/,"false"
https://iprice.my/romwe/clothing/t-shirts/,12/7/18,https://iprice.hk/romwe/clothing/t-shirts/,"false"
https://iprice.my/adidas/original/fxg/,12/6/18,https://iprice.co.id/adidas/original/fxg/,"false"
https://iprice.my/catwalk/outdoor-garden/lawn/,12/6/18,https://iprice.co.id/catwalk/perlengkapan-taman/halaman-rumah/,"true"
https://iprice.my/china-oem/home-decor/other-decorations/artificial-flowers/,12/6/18,https://iprice.co.id/china-oem/dekorasi-rumah/dekorasi-lainnya/bunga-palsu/,"false"
https://iprice.my/dayday/kids-clothing/,12/6/18,https://iprice.co.id/dayday/pakaian-anak/,"false"
https://iprice.my/home/home-improvement/,12/6/18,https://iprice.co.id/home/perbaikan-rumah/,"false"
https://iprice.my/kr/women/,12/6/18,https://iprice.co.id/kr/wanita/,"false"
https://iprice.my/nine-west/makeup/face/,12/6/18,https://iprice.co.id/nine-west/makeup/wajah/,"false"
https://iprice.my/quechua/bags/men/,12/6/18,https://iprice.co.id/quechua/tas/pria/,"false"
https://iprice.my/blu/audio-hi-fi/,12/6/18,https://iprice.ph/blu/audio-hi-fi/,"false"
https://iprice.my/home/home-improvement/,12/6/18,https://iprice.ph/home/home-improvement/,"false"
https://iprice.my/kr/men/,12/6/18,https://iprice.ph/kr/men/,"false"
https://iprice.my/miss-bikini/clothing/women/swimwear/bikinis/,12/6/18,https://iprice.ph/miss-bikini/clothing/women/swimwear/bikinis/,"false"
https://iprice.my/syomirizwa-gupta-for-zalora/women/,12/6/18,https://iprice.ph/syomirizwa-gupta-for-zalora/women/,"true"
https://iprice.my/tag-heuer/phones-tablets/smartwatches/,12/6/18,https://iprice.ph/tag-heuer/phones-tablets/smartwatches/,"false"
https://iprice.my/botany/,12/6/18,https://ipricethailand.com/botany/,"true"
https://iprice.my/eagle-eye/,12/6/18,https://ipricethailand.com/eagle-eye/,"true"
https://iprice.my/moroccanoil/women/,12/6/18,https://ipricethailand.com/moroccanoil/%E0%B8%9C%E0%B8%AB%E0%B8%8D%E0%B8%87/,"false"
https://iprice.my/nike/bedroom/,12/6/18,https://ipricethailand.com/nike/%E0%B8%AB%E0%B8%AD%E0%B8%87%E0%B8%99%E0%B8%AD%E0%B8%99/,"false"
https://iprice.my/titan/bath-body/,12/6/18,https://ipricethailand.com/titan/%E0%B8%9C%E0%B8%A5%E0%B8%95%E0%B8%A0%E0%B8%93%E0%B8%91%E0%B8%94%E0%B9%81%E0%B8%A5%E0%B9%81%E0%B8%A5%E0%B8%B0%E0%B8%97%E0%B8%B3%E0%B8%84%E0%B8%A7%E0%B8%B2%E0%B8%A1%E0%B8%AA%E0%B8%B0%E0%B8%AD%E0%B8%B2%E0%B8%94%E0%B8%9C%E0%B8%A7%E0%B8%81%E0%B8%B2%E0%B8%A2/,"false"
https://iprice.my/tefal/kitchen-dining/knives/chefs/,12/6/18,https://iprice.sg/tefal/kitchen-dining/knives/chefs/,"true"
https://iprice.my/eom/baby-gear/activity/walkers/,12/6/18,https://iprice.vn/eom/san-pham-vat-dung-cho-be/van-dong/xe-tap-di/,"true"
https://iprice.my/givi/bags/sling/,12/6/18,https://iprice.vn/givi/tui/deo/,"false"
https://iprice.my/anello/bags/women/backpacks/,12/5/18,https://iprice.co.id/anello/tas/wanita/ransel/,"false"
https://iprice.my/biogreen/supplements/vitamins/,12/5/18,https://iprice.co.id/biogreen/suplemen-makanan/vitamin/,"false"
https://iprice.my/cotton-belt/clothing/t-shirts/,12/5/18,https://iprice.co.id/cotton-belt/pakaian/kaos/,"false"
https://iprice.my/dc/bags/backpacks/,12/5/18,https://iprice.co.id/dc/tas/ransel/,"true"
https://iprice.my/h-m/clothing/t-shirts/,12/5/18,https://iprice.co.id/h-m/pakaian/kaos/,"false"
https://iprice.my/jingle/makeup/eyes/eyeshadows/,12/5/18,https://iprice.co.id/jingle/makeup/mata/eye-shadow/,"false"
https://iprice.my/lacoste/clothing/sportswear/tracksuits/,12/5/18,https://iprice.co.id/lacoste/pakaian/olahraga/tracksuit/,"false"
https://iprice.my/lp-support/medical-supplies/injury-support/,12/5/18,https://iprice.co.id/lp-support/alat-medis/terapi-cedera/,"false"
https://iprice.my/miniso/makeup/,12/5/18,https://iprice.co.id/miniso/makeup/,"false"
https://iprice.my/tic-toc/,12/5/18,https://iprice.co.id/tic-toc/,"false"
https://iprice.my/wyeth-s26/,12/5/18,https://iprice.co.id/wyeth-s26/,"true"
https://iprice.my/miniso/makeup/,12/5/18,https://iprice.ph/miniso/makeup/,"false"
https://iprice.my/anello/bags/women/backpacks/,12/5/18,https://ipricethailand.com/anello/%E0%B8%81%E0%B8%A3%E0%B8%B0%E0%B9%80%E0%B8%9B%E0%B8%B2/%E0%B8%9C%E0%B8%AB%E0%B8%8D%E0%B8%87/%E0%B9%80%E0%B8%9B%E0%B8%AA%E0%B8%B0%E0%B8%9E%E0%B8%B2%E0%B8%A2%E0%B8%AB%E0%B8%A5%E0%B8%87/,"false"
https://iprice.my/dc/bags/backpacks/,12/5/18,https://ipricethailand.com/dc/%E0%B8%81%E0%B8%A3%E0%B8%B0%E0%B9%80%E0%B8%9B%E0%B8%B2/%E0%B9%80%E0%B8%9B%E0%B8%AA%E0%B8%B0%E0%B8%9E%E0%B8%B2%E0%B8%A2%E0%B8%AB%E0%B8%A5%E0%B8%87/,"true"
https://iprice.my/h-m/clothing/t-shirts/,12/5/18,https://ipricethailand.com/h-m/%E0%B9%80%E0%B8%84%E0%B8%A3%E0%B8%AD%E0%B8%87%E0%B9%81%E0%B8%95%E0%B8%87%E0%B8%81%E0%B8%B2%E0%B8%A2/%E0%B9%80%E0%B8%AA%E0%B8%AD%E0%B8%A2%E0%B8%94/,"false"
https://iprice.my/miniso/makeup/,12/5/18,https://ipricethailand.com/miniso/%E0%B9%80%E0%B8%84%E0%B8%A3%E0%B8%AD%E0%B8%87%E0%B8%AA%E0%B8%B3%E0%B8%AD%E0%B8%B2%E0%B8%87/,"false"
https://iprice.my/nian-jeep/shoes/sandals/,12/5/18,https://ipricethailand.com/nian-jeep/%E0%B8%A3%E0%B8%AD%E0%B8%87%E0%B9%80%E0%B8%97%E0%B8%B2/%E0%B8%A3%E0%B8%AD%E0%B8%87%E0%B9%80%E0%B8%97%E0%B8%B2%E0%B9%81%E0%B8%95%E0%B8%B0/,"false"
https://iprice.my/twitter/,12/5/18,https://ipricethailand.com/twitter/,"false"
https://iprice.my/yuebo/shoes/flats/,12/5/18,https://ipricethailand.com/yuebo/%E0%B8%A3%E0%B8%AD%E0%B8%87%E0%B9%80%E0%B8%97%E0%B8%B2/%E0%B8%AA%E0%B8%99%E0%B9%81%E0%B8%9A%E0%B8%99/,"false"
https://iprice.my/klasse14/,12/5/18,https://iprice.sg/klasse14/,"false"
https://iprice.my/lacoste/clothing/sportswear/tracksuits/,12/5/18,https://iprice.sg/lacoste/clothing/sportswear/tracksuits/,"false"
https://iprice.my/miniso/makeup/,12/5/18,https://iprice.sg/miniso/makeup/,"false"
https://iprice.my/h-m/clothing/t-shirts/,12/5/18,https://iprice.vn/h-m/quan-ao/ao-thun/,"false"
https://iprice.my/miniso/makeup/,12/5/18,https://iprice.vn/miniso/trang-diem/,"false"
https://iprice.my/nike/zoom/shoes/sports/football-futsal/,12/5/18,https://iprice.vn/nike/zoom/giay-dep/the-thao/da-bong/,"true"
https://iprice.my/adidas/original/bags/waist/,12/4/18,https://iprice.co.id/adidas/original/tas/pinggang/,"false"
https://iprice.my/home/bath-body/,12/4/18,https://iprice.co.id/home/perlengkapan-mandi-tubuh/,"false"
https://iprice.my/miniso/dental-care/toothbrushes/,12/4/18,https://iprice.co.id/miniso/perawatan-mulut/sikat-gigi/,"false"
https://iprice.my/bags/men/cooler/,12/4/18,https://iprice.ph/bags/men/cooler/,"false"
https://iprice.my/funny/groceries/,12/4/18,https://iprice.ph/funny/groceries/,"false"
https://iprice.my/safari/toys/action-figures/,12/4/18,https://iprice.ph/safari/toys/action-figures/,"false"
https://iprice.my/bags/men/cooler/,12/4/18,https://ipricethailand.com/%E0%B8%81%E0%B8%A3%E0%B8%B0%E0%B9%80%E0%B8%9B%E0%B8%B2/%E0%B8%9C%E0%B8%8A%E0%B8%B2%E0%B8%A2/%E0%B9%80%E0%B8%81%E0%B8%9A%E0%B8%84%E0%B8%A7%E0%B8%B2%E0%B8%A1%E0%B9%80%E0%B8%A2%E0%B8%99/,"false"
https://iprice.my/jaditoner/computing/accessories/ink-cartridges/,12/4/18,https://ipricethailand.com/jaditoner/%E0%B8%AD%E0%B8%9B%E0%B8%81%E0%B8%A3%E0%B8%93%E0%B8%84%E0%B8%AD%E0%B8%A1%E0%B8%9E%E0%B8%A7%E0%B9%80%E0%B8%95%E0%B8%AD%E0%B8%A3/%E0%B8%AD%E0%B8%9B%E0%B8%81%E0%B8%A3%E0%B8%93%E0%B9%80%E0%B8%AA%E0%B8%A3%E0%B8%A1/%E0%B8%95%E0%B8%A5%E0%B8%9A%E0%B8%AB%E0%B8%A1%E0%B8%81/,"false"
https://iprice.my/jreka/clothing/pants/harem/,12/4/18,https://ipricethailand.com/jreka/%E0%B9%80%E0%B8%84%E0%B8%A3%E0%B8%AD%E0%B8%87%E0%B9%81%E0%B8%95%E0%B8%87%E0%B8%81%E0%B8%B2%E0%B8%A2/%E0%B8%81%E0%B8%B2%E0%B8%87%E0%B9%80%E0%B8%81%E0%B8%87/%E0%B8%AE%E0%B8%B2%E0%B9%80%E0%B8%A3%E0%B8%A1/,"true"
https://iprice.my/bags/men/cooler/,12/4/18,https://iprice.sg/bags/men/cooler/,"false"
https://iprice.my/es/women/,12/3/18,https://iprice.co.id/es/wanita/,"false"
https://iprice.my/es/women/,12/3/18,https://iprice.ph/es/women/,"false"
https://iprice.my/burberry/toys/,12/2/18,https://iprice.co.id/burberry/mainan/,"false"
https://iprice.my/converse/watches/,11/26/18,https://iprice.co.id/converse/jam-tangan/,"false"
https://iprice.my/converse/watches/,11/26/18,https://ipricethailand.com/converse/%E0%B8%99%E0%B8%B2%E0%B8%AC%E0%B8%81%E0%B8%B2%E0%B8%82%E0%B8%AD%E0%B8%A1%E0%B8%AD/,"false"
https://iprice.my/skmei/toys/,11/26/18,https://iprice.vn/skmei/do-choi/,"false"
https://iprice.my/dolce-gabbana/shoes/platforms/,11/25/18,https://ipricethailand.com/dolce-gabbana/%E0%B8%A3%E0%B8%AD%E0%B8%87%E0%B9%80%E0%B8%97%E0%B8%B2/%E0%B8%AA%E0%B8%99%E0%B8%95%E0%B8%81/,"true"
https://iprice.my/the-fix/shoes/sandals/,11/24/18,https://iprice.sg/the-fix/shoes/sandals/,"false"
https://iprice.my/hugo-boss/shoes/men/loafers/,11/23/18,https://iprice.co.id/hugo-boss/sepatu/pria/loafer/,"true"
https://iprice.my/hugo-boss/shoes/men/loafers/,11/23/18,https://iprice.ph/hugo-boss/shoes/men/loafers/,"true"
https://iprice.my/hugo-boss/shoes/men/loafers/,11/23/18,https://iprice.hk/hugo-boss/shoes/men/loafers/,"true"
https://iprice.my/logan/clothing/,11/22/18,https://iprice.ph/logan/clothing/,"true"
https://iprice.my/meyer/appliances/,11/22/18,https://ipricethailand.com/meyer/%E0%B9%80%E0%B8%84%E0%B8%A3%E0%B8%AD%E0%B8%87%E0%B9%83%E0%B8%8A%E0%B9%84%E0%B8%9F%E0%B8%9F%E0%B8%B2/,"false"
https://iprice.my/logan/clothing/,11/22/18,https://iprice.vn/logan/quan-ao/,"true"
https://iprice.my/mdi/kitchen-dining/tableware/,11/18/18,https://iprice.ph/mdi/kitchen-dining/tableware/,"false"
https://iprice.my/converse/star-player/clothing/,11/17/18,https://iprice.co.id/converse/star-player/pakaian/,"true"
https://iprice.my/missoni-home/kitchen-dining/linen/cloth-napkins/,11/17/18,https://iprice.co.id/missoni-home/dapur-ruang-makan/linen/serbet/,"true"
https://iprice.my/pretty/clothing/women/,11/16/18,https://iprice.co.id/pretty/pakaian/wanita/,"false"
https://iprice.my/tomei/skin-care/,11/16/18,https://iprice.co.id/tomei/perawatan-kulit/,"false"
https://iprice.my/tomei/skin-care/,11/16/18,https://iprice.ph/tomei/skin-care/,"false"
https://iprice.my/adidas/superstar/makeup/,11/16/18,https://ipricethailand.com/adidas/superstar/%E0%B9%80%E0%B8%84%E0%B8%A3%E0%B8%AD%E0%B8%87%E0%B8%AA%E0%B8%B3%E0%B8%AD%E0%B8%B2%E0%B8%87/,"false"
https://iprice.my/guerlain/skin-care/eyes/,11/16/18,https://ipricethailand.com/guerlain/%E0%B8%9C%E0%B8%A5%E0%B8%95%E0%B8%A0%E0%B8%93%E0%B8%91%E0%B8%94%E0%B9%81%E0%B8%A5%E0%B8%9C%E0%B8%A7/%E0%B8%94%E0%B8%A7%E0%B8%87%E0%B8%95%E0%B8%B2/,"true"
https://iprice.my/superdry/clothing/women/sweaters/,11/16/18,https://iprice.sg/superdry/clothing/women/sweaters/,"true"
https://iprice.my/guerlain/skin-care/eyes/,11/16/18,https://iprice.vn/guerlain/cham-soc-da/mat/,"true"
https://iprice.my/sorel/groceries/food-cupboard/,11/13/18,https://iprice.ph/sorel/groceries/food-cupboard/,"false"
https://iprice.my/xiao/toys/,11/13/18,https://iprice.ph/xiao/toys/,"true"
https://iprice.my/xiao/toys/,11/13/18,https://iprice.vn/xiao/do-choi/,"true"
https://iprice.my/mageline/groceries/,11/9/18,https://iprice.sg/mageline/groceries/,"true"
https://iprice.my/bh-cosmetics/makeup/face/blushers/,11/4/18,https://iprice.co.id/bh-cosmetics/makeup/wajah/perona-pipi/,"true"
https://iprice.my/bonia/bags/travel/,11/4/18,https://iprice.co.id/bonia/tas/travel/,"false"
https://iprice.my/adidas/clothing/underwear/briefs/,11/4/18,https://iprice.ph/adidas/clothing/underwear/briefs/,"true"
https://iprice.my/avon/clothing/men/raglans/,11/4/18,https://iprice.ph/avon/clothing/men/raglans/,"false"
https://iprice.my/jakemy/home-improvement/garage-storage/,11/4/18,https://ipricethailand.com/jakemy/%E0%B8%AD%E0%B8%9B%E0%B8%81%E0%B8%A3%E0%B8%93%E0%B8%94%E0%B9%81%E0%B8%A5%E0%B8%A3%E0%B8%81%E0%B8%A9%E0%B8%B2%E0%B9%81%E0%B8%A5%E0%B8%B0%E0%B8%8B%E0%B8%AD%E0%B8%A1%E0%B9%81%E0%B8%8B%E0%B8%A1%E0%B8%9A%E0%B8%B2%E0%B8%99/%E0%B8%97%E0%B9%80%E0%B8%81%E0%B8%9A%E0%B8%AD%E0%B8%9B%E0%B8%81%E0%B8%A3%E0%B8%93%E0%B8%A2%E0%B8%B2%E0%B8%99%E0%B8%A2%E0%B8%99%E0%B8%95/,"false"
https://iprice.my/adidas/clothing/underwear/briefs/,11/4/18,https://iprice.sg/adidas/clothing/underwear/briefs/,"true"
https://iprice.my/adidas/clothing/underwear/briefs/,11/4/18,https://iprice.vn/adidas/quan-ao/do-lot/quan-lot-brief/,"true"
https://iprice.my/eom/bags/backpacks/,11/4/18,https://iprice.vn/eom/tui/ba-lo/,"false"
https://iprice.my/salomon/clothing/men/t-shirts/,11/3/18,https://iprice.ph/salomon/clothing/men/t-shirts/,"false"
https://iprice.my/sni/clothing/underwear/socks/,11/2/18,https://iprice.co.id/sni/pakaian/dalam/kaos-kaki/,"true"
https://iprice.my/element/clothing/men/hoodies-and-sweatshirts/,11/2/18,https://iprice.ph/element/clothing/men/hoodies-and-sweatshirts/,"true"
https://iprice.my/death-note/toys/action-figures/,10/31/18,https://iprice.co.id/death-note/mainan/action-figure/,"false"
https://iprice.my/death-note/toys/action-figures/,10/31/18,https://iprice.vn/death-note/do-choi/nhan-vat/,"false"
https://iprice.my/guou/watches/analogue/,10/29/18,https://ipricethailand.com/guou/%E0%B8%99%E0%B8%B2%E0%B8%AC%E0%B8%81%E0%B8%B2%E0%B8%82%E0%B8%AD%E0%B8%A1%E0%B8%AD/%E0%B8%99%E0%B8%B2%E0%B8%AC%E0%B8%81%E0%B8%B2%E0%B8%AD%E0%B8%99%E0%B8%B2%E0%B8%A5%E0%B8%AD%E0%B8%81/,"false"
https://iprice.my/ff/shoes/,10/28/18,https://iprice.co.id/ff/sepatu/,"false"
https://iprice.my/bounabay/medical-supplies/blood-pressure/,10/28/18,https://iprice.ph/bounabay/medical-supplies/blood-pressure/,"false"
https://iprice.my/ff/shoes/,10/28/18,https://iprice.ph/ff/shoes/,"false"
https://iprice.my/ff/shoes/,10/28/18,https://ipricethailand.com/ff/%E0%B8%A3%E0%B8%AD%E0%B8%87%E0%B9%80%E0%B8%97%E0%B8%B2/,"false"
https://iprice.my/kaao/,10/28/18,https://ipricethailand.com/kaao/,"true"
https://iprice.my/ff/shoes/,10/28/18,https://iprice.vn/ff/giay-dep/,"false"
https://iprice.my/converse/clothing/formal-wear/pants/,10/27/18,https://iprice.vn/converse/quan-ao/trang-phuc-cong-so/quan-dai/,"true"
https://iprice.my/mon-purse/men/,9/22/18,https://iprice.co.id/mon-purse/pria/,"false"
https://iprice.my/primera/makeup/face/,9/19/18,https://ipricethailand.com/primera/%E0%B9%80%E0%B8%84%E0%B8%A3%E0%B8%AD%E0%B8%87%E0%B8%AA%E0%B8%B3%E0%B8%AD%E0%B8%B2%E0%B8%87/%E0%B9%83%E0%B8%9A%E0%B8%AB%E0%B8%99%E0%B8%B2/,"true"
https://iprice.my/primera/makeup/face/,9/19/18,https://iprice.vn/primera/trang-diem/mat/,"true"
https://iprice.my/kamera-foto/compact/,9/6/18,https://iprice.co.id/kamera-foto/compact/,"false"
https://iprice.my/globe/action-sports/,9/5/18,https://iprice.ph/globe/action-sports/,"false"
https://iprice.my/other/shoes/boots/,9/5/18,https://ipricethailand.com/other/%E0%B8%A3%E0%B8%AD%E0%B8%87%E0%B9%80%E0%B8%97%E0%B8%B2/%E0%B8%A3%E0%B8%AD%E0%B8%87%E0%B9%80%E0%B8%97%E0%B8%B2%E0%B8%9A%E0%B8%97/,"false"
https://iprice.my/shein/clothing/women/jeans/ripped/,9/2/18,https://iprice.ph/shein/clothing/women/jeans/ripped/,"false"
https://iprice.my/ikea/kitchen-dining/linen/cloth-napkins/,9/1/18,https://iprice.co.id/ikea/dapur-ruang-makan/linen/serbet/,"false"
https://iprice.my/ikea/kitchen-dining/linen/cloth-napkins/,9/1/18,https://ipricethailand.com/ikea/%E0%B8%AB%E0%B8%AD%E0%B8%87%E0%B8%84%E0%B8%A3%E0%B8%A7%E0%B9%81%E0%B8%A5%E0%B8%B0%E0%B8%AB%E0%B8%AD%E0%B8%87%E0%B8%A3%E0%B8%9A%E0%B8%9B%E0%B8%A3%E0%B8%B0%E0%B8%97%E0%B8%B2%E0%B8%99%E0%B8%AD%E0%B8%B2%E0%B8%AB%E0%B8%B2%E0%B8%A3/%E0%B8%9C%E0%B8%B2%E0%B8%81%E0%B8%99%E0%B9%80%E0%B8%9B%E0%B8%AD%E0%B8%99%E0%B9%81%E0%B8%A5%E0%B8%B0%E0%B8%9C%E0%B8%B2%E0%B8%9B%E0%B9%82%E0%B8%95%E0%B8%B0/%E0%B8%9C%E0%B8%B2%E0%B9%80%E0%B8%8A%E0%B8%94%E0%B8%9B%E0%B8%B2%E0%B8%81/,"false"
https://iprice.my/brother/skin-care/face/toners/,8/30/18,https://iprice.ph/brother/skin-care/face/toners/,"false"
https://iprice.my/tauntte/shoes/sneakers/,8/28/18,https://iprice.sg/tauntte/shoes/sneakers/,"false"
https://iprice.my/aidis/watches/digital/,8/27/18,https://iprice.co.id/aidis/jam-tangan/digital/,"false"
https://iprice.my/audio-technica/computing/accessories/microphones/,8/27/18,https://iprice.ph/audio-technica/computing/accessories/microphones/,"false"
https://iprice.my/aidis/watches/digital/,8/27/18,https://iprice.sg/aidis/watches/digital/,"false"
https://iprice.my/versace/camera-photo/accessories/bags/,8/13/18,https://iprice.co.id/versace/kamera-foto/aksesoris/tas/,"false"
https://iprice.my/barneys-originals/clothing/men/jackets/,8/9/18,https://iprice.hk/barneys-originals/clothing/men/jackets/,"true"
https://iprice.my/oukitel/watches/,8/9/18,https://iprice.hk/oukitel/watches/,"false"
https://iprice.my/gianni-feraud/clothing/men/formal-wear/jackets/,8/7/18,https://iprice.ph/gianni-feraud/clothing/men/formal-wear/jackets/,"false"
https://iprice.my/mistral/computing/hardware/,8/6/18,https://iprice.sg/mistral/computing/hardware/,"false"
https://iprice.my/erpstore/shoes/sandals/gladiator/,8/3/18,https://iprice.vn/erpstore/giay-dep/xang-dan/day/,"false"
https://iprice.my/dizoon/,8/2/18,https://iprice.sg/dizoon/,"false"
https://iprice.my/compare/philips-55pft6100s,5/26/18,https://iprice.ph/compare/philips-55pft6100s/,"true"
https://iprice.my/compare/philips-55pft6100s,5/26/18,https://iprice.sg/compare/philips-55pft6100s/,"true"
https://iprice.my/rosegal/shoes/sneakers/slip-on/,4/6/18,https://iprice.hk/rosegal/shoes/sneakers/slip-on/,"false"
https://iprice.my/sgn-giancarlo-paoli/shoes/sandals/,3/11/18,https://iprice.co.id/sgn-giancarlo-paoli/sepatu/sandal/,"false"
https://iprice.my/sgn-giancarlo-paoli/shoes/sandals/,3/11/18,https://iprice.ph/sgn-giancarlo-paoli/shoes/sandals/,"false"
https://iprice.my/sgn-giancarlo-paoli/shoes/sandals/,3/11/18,https://ipricethailand.com/sgn-giancarlo-paoli/%E0%B8%A3%E0%B8%AD%E0%B8%87%E0%B9%80%E0%B8%97%E0%B8%B2/%E0%B8%A3%E0%B8%AD%E0%B8%87%E0%B9%80%E0%B8%97%E0%B8%B2%E0%B9%81%E0%B8%95%E0%B8%B0/,"false"
https://iprice.my/sgn-giancarlo-paoli/shoes/sandals/,3/11/18,https://iprice.sg/sgn-giancarlo-paoli/shoes/sandals/,"false"
https://iprice.my/sgn-giancarlo-paoli/shoes/sandals/,3/11/18,https://iprice.vn/sgn-giancarlo-paoli/giay-dep/xang-dan/,"false"
https://iprice.my/sgn-giancarlo-paoli/shoes/sandals/,3/11/18,https://iprice.hk/sgn-giancarlo-paoli/shoes/sandals/,"false"
https://iprice.my/cockcon/clothing/pants/leggings/,3/8/18,https://iprice.co.id/cockcon/pakaian/celana/legging/,"false"
https://iprice.my/nk/shoes/sports/running/,3/7/18,https://iprice.ph/nk/shoes/sports/running/,"false"
https://iprice.my/microtex/car-accessories/,2/21/18,https://iprice.ph/microtex/car-accessories/,"false"
https://iprice.my/ayana/clothing/,2/11/18,https://iprice.co.id/ayana/pakaian/,"true"
https://iprice.my/asics/gel/noosa/brown/%7B%7Burl%7D%7D,12/18/17,https://iprice.co.id/asics/gel/noosa/,"true"
https://iprice.my/asics/gel/noosa/brown/%7B%7Burl%7D%7D,12/18/17,https://iprice.ph/asics/gel/noosa/,"true"
https://iprice.my/asics/gel/noosa/brown/%7B%7Burl%7D%7D,12/18/17,https://ipricethailand.com/asics/gel/noosa/,"true"
https://iprice.my/asics/gel/noosa/brown/%7B%7Burl%7D%7D,12/18/17,https://iprice.sg/asics/gel/noosa/,"true"