https://iprice.sg/converse/classic-chuck/,12/11/18,https://iprice.my/converse/classic-chuck/,true
https://iprice.sg/longchamp/le-pliage/neo/bags/sling/,12/11/18,https://iprice.my/longchamp/le-pliage/neo/bags/sling/,"false"
https://iprice.sg/coach/bags/waist/,12/11/18,https://iprice.co.id/coach/tas/pinggang/,"true"
https://iprice.sg/ikea/lighting/decorative-ceiling-lights/,12/11/18,https://iprice.co.id/ikea/penerangan/lampu-langit-langit-hias/,"false"
https://iprice.sg/nike/sb/stefan-janoski/,12/11/18,https://iprice.co.id/nike/sb/stefan-janoski/,"true"
https://iprice.sg/ikea/lighting/decorative-ceiling-lights/,12/11/18,https://iprice.ph/ikea/lighting/decorative-ceiling-lights/,"false"
https://iprice.sg/nike/sb/stefan-janoski/,12/11/18,https://iprice.ph/nike/sb/stefan-janoski/,"true"
https://iprice.sg/clio/makeup/face/,12/11/18,https://ipricethailand.com/clio/%E0%B9%80%E0%B8%84%E0%B8%A3%E0%B8%AD%E0%B8%87%E0%B8%AA%E0%B8%B3%E0%B8%AD%E0%B8%B2%E0%B8%87/%E0%B9%83%E0%B8%9A%E0%B8%AB%E0%B8%99%E0%B8%B2/,"true"
https://iprice.sg/coach/bags/waist/,12/11/18,https://ipricethailand.com/coach/%E0%B8%81%E0%B8%A3%E0%B8%B0%E0%B9%80%E0%B8%9B%E0%B8%B2/%E0%B8%84%E0%B8%B2%E0%B8%94%E0%B9%80%E0%B8%AD%E0%B8%A7/,"true"
https://iprice.sg/mous/phones-tablets/accessories/cases-covers/,12/11/18,https://ipricethailand.com/mous/%E0%B9%82%E0%B8%97%E0%B8%A3%E0%B8%A8%E0%B8%9E%E0%B8%97%E0%B9%81%E0%B8%A5%E0%B8%B0%E0%B9%81%E0%B8%97%E0%B8%9A%E0%B9%80%E0%B8%A5%E0%B8%95/%E0%B8%AD%E0%B8%9B%E0%B8%81%E0%B8%A3%E0%B8%93%E0%B9%80%E0%B8%AA%E0%B8%A3%E0%B8%A1/%E0%B9%80%E0%B8%84%E0%B8%AA/,"false"
https://iprice.sg/clio/makeup/face/,12/11/18,https://iprice.vn/clio/trang-diem/mat/,"true"
https://iprice.sg/coach/bags/waist/,12/11/18,https://iprice.hk/coach/bags/waist/,"true"
https://iprice.sg/aurora/baby-clothing/dresses/,12/10/18,https://iprice.ph/aurora/baby-clothing/dresses/,"false"
https://iprice.sg/bimba/clothing/sleepwear/,12/10/18,https://ipricethailand.com/bimba/%E0%B9%80%E0%B8%84%E0%B8%A3%E0%B8%AD%E0%B8%87%E0%B9%81%E0%B8%95%E0%B8%87%E0%B8%81%E0%B8%B2%E0%B8%A2/%E0%B8%8A%E0%B8%94%E0%B8%99%E0%B8%AD%E0%B8%99/,"false"
https://iprice.sg/compare/samsung-850-evo-msata-250gb/,12/10/18,https://ipricethailand.com/%E0%B8%A3%E0%B8%B2%E0%B8%84%E0%B8%B2/samsung-850-evo-msata-250gb/,"true"
https://iprice.sg/dolce-gabbana/phones-tablets/men/accessories/cases-covers/,12/10/18,https://ipricethailand.com/dolce-gabbana/%E0%B9%82%E0%B8%97%E0%B8%A3%E0%B8%A8%E0%B8%9E%E0%B8%97%E0%B9%81%E0%B8%A5%E0%B8%B0%E0%B9%81%E0%B8%97%E0%B8%9A%E0%B9%80%E0%B8%A5%E0%B8%95/%E0%B8%9C%E0%B8%8A%E0%B8%B2%E0%B8%A2/%E0%B8%AD%E0%B8%9B%E0%B8%81%E0%B8%A3%E0%B8%93%E0%B9%80%E0%B8%AA%E0%B8%A3%E0%B8%A1/%E0%B9%80%E0%B8%84%E0%B8%AA/,"false"
https://iprice.sg/compare/samsung-850-evo-500gb/,12/10/18,https://iprice.vn/gia-ban/samsung-850-evo-500gb/,"true"
https://iprice.sg/charlie-chaplin/eyecare/glasses/,12/9/18,https://iprice.my/charlie-chaplin/eyecare/glasses/,"false"
https://iprice.sg/jer-fashion/kids-clothing/dresses/flowers/,12/9/18,https://iprice.my/jer-fashion/kids-clothing/dresses/flowers/,"true"
https://iprice.sg/shein/shoes/,12/9/18,https://iprice.my/shein/shoes/,"false"
https://iprice.sg/steel-master/,12/9/18,https://iprice.my/steel-master/,"false"
https://iprice.sg/wwoor/watches/analogue/,12/9/18,https://iprice.my/wwoor/watches/analogue/,"false"
https://iprice.sg/oppo/computing/,12/9/18,https://iprice.co.id/oppo/komputer/,"false"
https://iprice.sg/sega/toys/action-figures/,12/9/18,https://iprice.co.id/sega/mainan/action-figure/,"false"
https://iprice.sg/summer/clothing/maternity-wear/dresses/,12/9/18,https://iprice.co.id/summer/pakaian/baju-hamil/dress/,"false"
https://iprice.sg/wwoor/watches/analogue/,12/9/18,https://iprice.co.id/wwoor/jam-tangan/analog/,"false"
https://iprice.sg/jer-fashion/kids-clothing/dresses/flowers/,12/9/18,https://iprice.ph/jer-fashion/kids-clothing/dresses/flowers/,"true"
https://iprice.sg/oppo/computing/,12/9/18,https://iprice.ph/oppo/computing/,"false"
https://iprice.sg/sega/toys/action-figures/,12/9/18,https://iprice.ph/sega/toys/action-figures/,"false"
https://iprice.sg/steel-master/,12/9/18,https://iprice.ph/steel-master/,"false"
https://iprice.sg/momax/phones-tablets/accessories/cable-chargers/,12/9/18,https://ipricethailand.com/momax/%E0%B9%82%E0%B8%97%E0%B8%A3%E0%B8%A8%E0%B8%9E%E0%B8%97%E0%B9%81%E0%B8%A5%E0%B8%B0%E0%B9%81%E0%B8%97%E0%B8%9A%E0%B9%80%E0%B8%A5%E0%B8%95/%E0%B8%AD%E0%B8%9B%E0%B8%81%E0%B8%A3%E0%B8%93%E0%B9%80%E0%B8%AA%E0%B8%A3%E0%B8%A1/%E0%B8%97%E0%B8%8A%E0%B8%B2%E0%B8%A3%E0%B8%88/,"false"
https://iprice.sg/oppo/computing/,12/9/18,https://ipricethailand.com/oppo/%E0%B8%AD%E0%B8%9B%E0%B8%81%E0%B8%A3%E0%B8%93%E0%B8%84%E0%B8%AD%E0%B8%A1%E0%B8%9E%E0%B8%A7%E0%B9%80%E0%B8%95%E0%B8%AD%E0%B8%A3/,"false"
https://iprice.sg/pureplus/skin-care/,12/9/18,https://ipricethailand.com/pureplus/%E0%B8%9C%E0%B8%A5%E0%B8%95%E0%B8%A0%E0%B8%93%E0%B8%91%E0%B8%94%E0%B9%81%E0%B8%A5%E0%B8%9C%E0%B8%A7/,"false"
https://iprice.sg/skinfood/makeup/face/,12/9/18,https://ipricethailand.com/skinfood/%E0%B9%80%E0%B8%84%E0%B8%A3%E0%B8%AD%E0%B8%87%E0%B8%AA%E0%B8%B3%E0%B8%AD%E0%B8%B2%E0%B8%87/%E0%B9%83%E0%B8%9A%E0%B8%AB%E0%B8%99%E0%B8%B2/,"true"
https://iprice.sg/wwoor/watches/analogue/,12/9/18,https://ipricethailand.com/wwoor/%E0%B8%99%E0%B8%B2%E0%B8%AC%E0%B8%81%E0%B8%B2%E0%B8%82%E0%B8%AD%E0%B8%A1%E0%B8%AD/%E0%B8%99%E0%B8%B2%E0%B8%AC%E0%B8%81%E0%B8%B2%E0%B8%AD%E0%B8%99%E0%B8%B2%E0%B8%A5%E0%B8%AD%E0%B8%81/,"false"
https://iprice.sg/oppo/computing/,12/9/18,https://iprice.vn/oppo/tin-hoc/,"false"
https://iprice.sg/skinfood/makeup/face/,12/9/18,https://iprice.vn/skinfood/trang-diem/mat/,"true"
https://iprice.sg/wwoor/watches/analogue/,12/9/18,https://iprice.vn/wwoor/dong-ho/kieu-truyen-thong/,"false"
https://iprice.sg/le-coq-sportif/shoes/sports/running/,12/9/18,https://iprice.hk/le-coq-sportif/shoes/sports/running/,"true"
https://iprice.sg/aobo-lighting/,12/8/18,https://iprice.my/aobo-lighting/,"false"
https://iprice.sg/aurora-italia/,12/8/18,https://iprice.my/aurora-italia/,"false"
https://iprice.sg/bts/clothing/women/tops/,12/8/18,https://iprice.my/bts/clothing/women/tops/,"false"
https://iprice.sg/casio/baby-g/men/,12/8/18,https://iprice.my/casio/baby-g/men/,"false"
https://iprice.sg/clothing/men/dresses/prom/,12/8/18,https://iprice.my/clothing/men/dresses/prom/,"false"
https://iprice.sg/happyganics/,12/8/18,https://iprice.my/happyganics/,"false"
https://iprice.sg/macfion/clothing/cardigans/,12/8/18,https://iprice.my/macfion/clothing/cardigans/,"false"
https://iprice.sg/suavinex/feeding/bottle/,12/8/18,https://iprice.my/suavinex/feeding/bottle/,"false"
https://iprice.sg/thor/kitchen-dining/,12/8/18,https://iprice.my/thor/kitchen-dining/,"false"
https://iprice.sg/usherlife/bathroom/,12/8/18,https://iprice.my/usherlife/bathroom/,"false"
https://iprice.sg/casio/baby-g/men/,12/8/18,https://iprice.co.id/casio/baby-g/pria/,"false"
https://iprice.sg/clothing/men/dresses/prom/,12/8/18,https://iprice.co.id/pakaian/pria/dress/prom/,"false"
https://iprice.sg/supreme/clothing/women/t-shirts/,12/8/18,https://iprice.co.id/supreme/pakaian/wanita/kaos/,"false"
https://iprice.sg/aobo-lighting/,12/8/18,https://iprice.ph/aobo-lighting/,"false"
https://iprice.sg/jordan/shoes/men/sports/running/,12/8/18,https://iprice.ph/jordan/shoes/men/sports/running/,"true"
https://iprice.sg/supreme/clothing/women/,12/8/18,https://iprice.ph/supreme/clothing/women/,"false"
https://iprice.sg/thor/kitchen-dining/,12/8/18,https://iprice.ph/thor/kitchen-dining/,"false"
https://iprice.sg/casio/baby-g/men/,12/8/18,https://ipricethailand.com/casio/baby-g/%E0%B8%9C%E0%B8%8A%E0%B8%B2%E0%B8%A2/,"false"
https://iprice.sg/jordan/shoes/men/sports/running/,12/8/18,https://ipricethailand.com/jordan/%E0%B8%A3%E0%B8%AD%E0%B8%87%E0%B9%80%E0%B8%97%E0%B8%B2/%E0%B8%9C%E0%B8%8A%E0%B8%B2%E0%B8%A2/%E0%B8%81%E0%B8%AC%E0%B8%B2/%E0%B8%AA%E0%B8%B3%E0%B8%AB%E0%B8%A3%E0%B8%9A%E0%B8%A7%E0%B8%87/,"true"
https://iprice.sg/suavinex/feeding/bottle/,12/8/18,https://ipricethailand.com/suavinex/%E0%B8%AD%E0%B8%B2%E0%B8%AB%E0%B8%B2%E0%B8%A3-%E0%B8%99%E0%B8%A1%E0%B9%81%E0%B8%A5%E0%B8%B0%E0%B8%AD%E0%B8%9B%E0%B8%81%E0%B8%A3%E0%B8%93%E0%B8%AD%E0%B8%99%E0%B9%86/%E0%B8%82%E0%B8%A7%E0%B8%94%E0%B8%99%E0%B8%A1/,"false"
https://iprice.sg/supreme/clothing/women/,12/8/18,https://iprice.vn/supreme/quan-ao/nu/,"false"
https://iprice.sg/thor/kitchen-dining/,12/8/18,https://iprice.hk/thor/kitchen-dining/,"false"
https://iprice.sg/dng/,12/7/18,https://iprice.my/dng/,"false"
https://iprice.sg/eskulin/,12/7/18,https://iprice.my/eskulin/,"false"
https://iprice.sg/gnc/hobbies/books/business/,12/7/18,https://iprice.my/gnc/hobbies/books/business/,"false"
https://iprice.sg/hanyimidoo/clothing/traditional/,12/7/18,https://iprice.my/hanyimidoo/clothing/traditional/,"true"
https://iprice.sg/kuhl/,12/7/18,https://iprice.my/kuhl/,"false"
https://iprice.sg/midea/appliances/irons/,12/7/18,https://iprice.my/midea/appliances/irons/,"true"
https://iprice.sg/msk/bags/,12/7/18,https://iprice.my/msk/bags/,"false"
https://iprice.sg/avon/toys/,12/7/18,https://iprice.co.id/avon/mainan/,"false"
https://iprice.sg/bioderma/makeup/removers/,12/7/18,https://iprice.co.id/bioderma/makeup/pembersih/,"false"
https://iprice.sg/eskulin/,12/7/18,https://iprice.co.id/eskulin/,"false"
https://iprice.sg/estee-lauder/bags/,12/7/18,https://iprice.co.id/estee-lauder/tas/,"false"
https://iprice.sg/maya/clothing/dresses/bridesmaid/,12/7/18,https://iprice.co.id/maya/pakaian/dress/pengiring-pengantin/,"false"
https://iprice.sg/nanci/,12/7/18,https://iprice.co.id/nanci/,"false"
https://iprice.sg/thomas-friends/toys/action-figures/,12/7/18,https://iprice.co.id/thomas-friends/mainan/action-figure/,"false"
https://iprice.sg/young-hearts/clothing/sportswear/bras/,12/7/18,https://iprice.co.id/young-hearts/pakaian/olahraga/bra/,"false"
https://iprice.sg/avon/toys/,12/7/18,https://iprice.ph/avon/toys/,"false"
https://iprice.sg/dng/,12/7/18,https://iprice.ph/dng/,"false"
https://iprice.sg/eskulin/,12/7/18,https://iprice.ph/eskulin/,"false"
https://iprice.sg/gucci/marmont/bags/sling/messenger/,12/7/18,https://iprice.ph/gucci/marmont/bags/sling/messenger/,"false"
https://iprice.sg/maya/clothing/dresses/bridesmaid/,12/7/18,https://iprice.ph/maya/clothing/dresses/bridesmaid/,"false"
https://iprice.sg/nixon/watches/sports/,12/7/18,https://iprice.ph/nixon/watches/sports/,"false"
https://iprice.sg/romwe/clothing/pants/,12/7/18,https://iprice.ph/romwe/clothing/pants/,"false"
https://iprice.sg/shein/bags/handbags/,12/7/18,https://iprice.ph/shein/bags/handbags/,"false"
https://iprice.sg/avon/toys/,12/7/18,https://ipricethailand.com/avon/%E0%B8%82%E0%B8%AD%E0%B8%87%E0%B9%80%E0%B8%A5%E0%B8%99/,"false"
https://iprice.sg/bioderma/makeup/removers/,12/7/18,https://ipricethailand.com/bioderma/%E0%B9%80%E0%B8%84%E0%B8%A3%E0%B8%AD%E0%B8%87%E0%B8%AA%E0%B8%B3%E0%B8%AD%E0%B8%B2%E0%B8%87/makeup-remover/,"false"
https://iprice.sg/estee-lauder/bags/,12/7/18,https://ipricethailand.com/estee-lauder/%E0%B8%81%E0%B8%A3%E0%B8%B0%E0%B9%80%E0%B8%9B%E0%B8%B2/,"false"
https://iprice.sg/happy-bath/bath-body/shower/gels/,12/7/18,https://ipricethailand.com/happy-bath/%E0%B8%9C%E0%B8%A5%E0%B8%95%E0%B8%A0%E0%B8%93%E0%B8%91%E0%B8%94%E0%B9%81%E0%B8%A5%E0%B9%81%E0%B8%A5%E0%B8%B0%E0%B8%97%E0%B8%B3%E0%B8%84%E0%B8%A7%E0%B8%B2%E0%B8%A1%E0%B8%AA%E0%B8%B0%E0%B8%AD%E0%B8%B2%E0%B8%94%E0%B8%9C%E0%B8%A7%E0%B8%81%E0%B8%B2%E0%B8%A2/%E0%B8%AD%E0%B8%B2%E0%B8%9A%E0%B8%99%E0%B8%B3/%E0%B9%80%E0%B8%88%E0%B8%A5/,"false"
https://iprice.sg/avon/toys/,12/7/18,https://iprice.vn/avon/do-choi/,"false"
https://iprice.sg/eskulin/,12/7/18,https://iprice.vn/eskulin/,"false"
https://iprice.sg/kose/makeup/removers/,12/7/18,https://iprice.vn/kose/trang-diem/tay-trang/,"false"
https://iprice.sg/ldnio/phones-tablets/,12/7/18,https://iprice.vn/ldnio/dien-thoai-may-tinh-bang/,"false"
https://iprice.sg/aape/clothing/men/,12/7/18,https://iprice.hk/aape/clothing/men/,"false"
https://iprice.sg/romwe/clothing/pants/,12/7/18,https://iprice.hk/romwe/clothing/pants/,"false"
https://iprice.sg/3d/clothing/men/hoodies-and-sweatshirts/,12/6/18,https://iprice.my/3d/clothing/men/hoodies-and-sweatshirts/,"false"
https://iprice.sg/drmartens/,12/6/18,https://iprice.my/drmartens/,"false"
https://iprice.sg/fila/skele-toes/shoes/,12/6/18,https://iprice.my/fila/skele-toes/shoes/,"false"
https://iprice.sg/gnc/hobbies/books/,12/6/18,https://iprice.my/gnc/hobbies/books/,"false"
https://iprice.sg/hello-kitty/stationery/calculators/,12/6/18,https://iprice.my/hello-kitty/stationery/calculators/,"false"
https://iprice.sg/himedia/tv-video-dvd/hdmi-media-players/,12/6/18,https://iprice.my/himedia/tv-video-dvd/hdmi-media-players/,"true"
https://iprice.sg/lifeplus/,12/6/18,https://iprice.my/lifeplus/,"false"
https://iprice.sg/mdmmd/,12/6/18,https://iprice.my/mdmmd/,"false"
https://iprice.sg/motorola/kitchen-dining/,12/6/18,https://iprice.my/motorola/kitchen-dining/,"true"
https://iprice.sg/sexemara/shoes/sports/running/,12/6/18,https://iprice.my/sexemara/shoes/sports/running/,"false"
https://iprice.sg/silkygirl/perfume/,12/6/18,https://iprice.my/silkygirl/perfume/,"true"
https://iprice.sg/systane/,12/6/18,https://iprice.my/systane/,"true"
https://iprice.sg/the-body-shop/shaving-supplies/,12/6/18,https://iprice.my/the-body-shop/shaving-supplies/,"true"
https://iprice.sg/3d/clothing/men/hoodies-and-sweatshirts/,12/6/18,https://iprice.co.id/3d/pakaian/pria/hoodie-dan-sweatshirt/,"false"
https://iprice.sg/benq/phones-tablets/,12/6/18,https://iprice.co.id/benq/ponsel-tablet/,"true"
https://iprice.sg/drmartens/,12/6/18,https://iprice.co.id/drmartens/,"false"
https://iprice.sg/forte/skin-care/face/,12/6/18,https://iprice.co.id/forte/perawatan-kulit/wajah/,"false"
https://iprice.sg/gopro/adventure/,12/6/18,https://iprice.co.id/gopro/olahraga-rekreasi/,"false"
https://iprice.sg/gopro/audio-hi-fi/,12/6/18,https://iprice.co.id/gopro/audio-hi-fi/,"true"
https://iprice.sg/hello-kitty/stationery/calculators/,12/6/18,https://iprice.co.id/hello-kitty/stasioner/kalkulator/,"false"
https://iprice.sg/ldnio/phones-tablets/accessories/,12/6/18,https://iprice.co.id/ldnio/ponsel-tablet/aksesoris/,"false"
https://iprice.sg/mdmmd/,12/6/18,https://iprice.co.id/mdmmd/,"false"
https://iprice.sg/sheynah/clothing/jeans/slim-fit/,12/6/18,https://iprice.co.id/sheynah/pakaian/jeans/slim-fit/,"false"
https://iprice.sg/silkygirl/perfume/,12/6/18,https://iprice.co.id/silkygirl/parfum/,"true"
https://iprice.sg/the-body-shop/bath-body/shower/gels/,12/6/18,https://iprice.co.id/the-body-shop/perlengkapan-mandi-tubuh/sabun-mandi-sampo/gel/,"false"
https://iprice.sg/fila/skele-toes/shoes/,12/6/18,https://iprice.ph/fila/skele-toes/shoes/,"false"
https://iprice.sg/motorola/kitchen-dining/,12/6/18,https://iprice.ph/motorola/kitchen-dining/,"true"
https://iprice.sg/nike/kids-clothing/polos/,12/6/18,https://iprice.ph/nike/kids-clothing/polos/,"false"
https://iprice.sg/shopkins/toys/action-figures/,12/6/18,https://iprice.ph/shopkins/toys/action-figures/,"false"
https://iprice.sg/systane/,12/6/18,https://iprice.ph/systane/,"true"
https://iprice.sg/ldnio/phones-tablets/accessories/,12/6/18,https://ipricethailand.com/ldnio/%E0%B9%82%E0%B8%97%E0%B8%A3%E0%B8%A8%E0%B8%9E%E0%B8%97%E0%B9%81%E0%B8%A5%E0%B8%B0%E0%B9%81%E0%B8%97%E0%B8%9A%E0%B9%80%E0%B8%A5%E0%B8%95/%E0%B8%AD%E0%B8%9B%E0%B8%81%E0%B8%A3%E0%B8%93%E0%B9%80%E0%B8%AA%E0%B8%A3%E0%B8%A1/,"false"
https://iprice.sg/systane/,12/6/18,https://ipricethailand.com/systane/,"true"
https://iprice.sg/the-body-shop/bath-body/shower/gels/,12/6/18,https://ipricethailand.com/the-body-shop/%E0%B8%9C%E0%B8%A5%E0%B8%95%E0%B8%A0%E0%B8%93%E0%B8%91%E0%B8%94%E0%B9%81%E0%B8%A5%E0%B9%81%E0%B8%A5%E0%B8%B0%E0%B8%97%E0%B8%B3%E0%B8%84%E0%B8%A7%E0%B8%B2%E0%B8%A1%E0%B8%AA%E0%B8%B0%E0%B8%AD%E0%B8%B2%E0%B8%94%E0%B8%9C%E0%B8%A7%E0%B8%81%E0%B8%B2%E0%B8%A2/%E0%B8%AD%E0%B8%B2%E0%B8%9A%E0%B8%99%E0%B8%B3/%E0%B9%80%E0%B8%88%E0%B8%A5/,"false"
https://iprice.sg/gopro/adventure/,12/6/18,https://iprice.vn/gopro/the-thao-da-ngoai/,"false"
https://iprice.sg/skone/watches/men/,12/6/18,https://iprice.vn/skone/dong-ho/nam/,"false"
https://iprice.sg/424-fairfax/,12/5/18,https://iprice.my/424-fairfax/,"false"
https://iprice.sg/bigood/clothing/pants/palazzo/,12/5/18,https://iprice.my/bigood/clothing/pants/palazzo/,"false"
https://iprice.sg/daphne/shoes/boots/,12/5/18,https://iprice.my/daphne/shoes/boots/,"true"
https://iprice.sg/fancy-fashion/clothing/formal-wear/pants/,12/5/18,https://iprice.my/fancy-fashion/clothing/formal-wear/pants/,"false"
https://iprice.sg/miracle-kill/clothing/jackets/,12/5/18,https://iprice.my/miracle-kill/clothing/jackets/,"false"
https://iprice.sg/nestea/,12/5/18,https://iprice.my/nestea/,"false"
https://iprice.sg/oh-green/,12/5/18,https://iprice.my/oh-green/,"true"
https://iprice.sg/san-remo/,12/5/18,https://iprice.my/san-remo/,"true"
https://iprice.sg/shein/clothing/pants/palazzo/,12/5/18,https://iprice.my/shein/clothing/pants/palazzo/,"false"
https://iprice.sg/silkygirl/hair-care/,12/5/18,https://iprice.my/silkygirl/hair-care/,"true"
https://iprice.sg/silkygirl/hair-care/colouring/,12/5/18,https://iprice.my/silkygirl/hair-care/colouring/,"true"
https://iprice.sg/supreme/bags/backpacks/,12/5/18,https://iprice.my/supreme/bags/backpacks/,"false"
https://iprice.sg/tupper-cabinet/home-office/,12/5/18,https://iprice.my/tupper-cabinet/home-office/,"true"
https://iprice.sg/woody-puddy/,12/5/18,https://iprice.my/woody-puddy/,"true"
https://iprice.sg/x-level/phones-tablets/,12/5/18,https://iprice.my/x-level/phones-tablets/,"true"
https://iprice.sg/bigood/clothing/pants/palazzo/,12/5/18,https://iprice.co.id/bigood/pakaian/celana/palazzo/,"false"
https://iprice.sg/hoopet/clothing/raincoats/,12/5/18,https://iprice.co.id/hoopet/pakaian/jas-hujan/,"false"
https://iprice.sg/michael-kors/makeup/,12/5/18,https://iprice.co.id/michael-kors/makeup/,"false"
https://iprice.sg/nestea/,12/5/18,https://iprice.co.id/nestea/,"false"
https://iprice.sg/san-remo/,12/5/18,https://iprice.co.id/san-remo/,"true"
https://iprice.sg/shein/clothing/dresses/maxi/,12/5/18,https://iprice.co.id/shein/pakaian/dress/maxi/,"false"
https://iprice.sg/silkygirl/hair-care/colouring/,12/5/18,https://iprice.co.id/silkygirl/perawatan-rambut/cat-rambut/,"true"
https://iprice.sg/supreme/bags/backpacks/,12/5/18,https://iprice.co.id/supreme/tas/ransel/,"false"
https://iprice.sg/x-level/phones-tablets/,12/5/18,https://iprice.co.id/x-level/ponsel-tablet/,"true"
https://iprice.sg/young-hearts/clothing/women/,12/5/18,https://iprice.co.id/young-hearts/pakaian/wanita/,"false"
https://iprice.sg/art-deco/makeup/,12/5/18,https://iprice.ph/art-deco/makeup/,"true"
https://iprice.sg/bigood/clothing/pants/palazzo/,12/5/18,https://iprice.ph/bigood/clothing/pants/palazzo/,"false"
https://iprice.sg/clara-ole/,12/5/18,https://iprice.ph/clara-ole/,"true"
https://iprice.sg/daphne/shoes/boots/,12/5/18,https://iprice.ph/daphne/shoes/boots/,"true"
https://iprice.sg/gucci/jewellery/pendants/,12/5/18,https://iprice.ph/gucci/jewellery/pendants/,"true"
https://iprice.sg/mezco/toys/action-figures/,12/5/18,https://iprice.ph/mezco/toys/action-figures/,"false"
https://iprice.sg/michael-kors/makeup/,12/5/18,https://iprice.ph/michael-kors/makeup/,"false"
https://iprice.sg/nestea/,12/5/18,https://iprice.ph/nestea/,"false"
https://iprice.sg/san-remo/,12/5/18,https://iprice.ph/san-remo/,"true"
https://iprice.sg/supreme/bags/backpacks/,12/5/18,https://iprice.ph/supreme/bags/backpacks/,"false"
https://iprice.sg/tom-ford/makeup/accessories/brushes/sets/,12/5/18,https://iprice.ph/tom-ford/makeup/accessories/brushes/sets/,"false"
https://iprice.sg/daphne/shoes/boots/,12/5/18,https://ipricethailand.com/daphne/%E0%B8%A3%E0%B8%AD%E0%B8%87%E0%B9%80%E0%B8%97%E0%B8%B2/%E0%B8%A3%E0%B8%AD%E0%B8%87%E0%B9%80%E0%B8%97%E0%B8%B2%E0%B8%9A%E0%B8%97/,"true"
https://iprice.sg/michael-kors/makeup/,12/5/18,https://ipricethailand.com/michael-kors/%E0%B9%80%E0%B8%84%E0%B8%A3%E0%B8%AD%E0%B8%87%E0%B8%AA%E0%B8%B3%E0%B8%AD%E0%B8%B2%E0%B8%87/,"false"
https://iprice.sg/muji/makeup/accessories/bags/,12/5/18,https://ipricethailand.com/muji/%E0%B9%80%E0%B8%84%E0%B8%A3%E0%B8%AD%E0%B8%87%E0%B8%AA%E0%B8%B3%E0%B8%AD%E0%B8%B2%E0%B8%87/%E0%B8%AD%E0%B8%9B%E0%B8%81%E0%B8%A3%E0%B8%93%E0%B9%80%E0%B8%AA%E0%B8%A3%E0%B8%A1/%E0%B8%81%E0%B8%A3%E0%B8%B0%E0%B9%80%E0%B8%9B%E0%B8%B2/,"false"
https://iprice.sg/nestea/,12/5/18,https://ipricethailand.com/nestea/,"false"
https://iprice.sg/san-remo/,12/5/18,https://ipricethailand.com/san-remo/,"true"
https://iprice.sg/supreme/bags/backpacks/,12/5/18,https://ipricethailand.com/supreme/%E0%B8%81%E0%B8%A3%E0%B8%B0%E0%B9%80%E0%B8%9B%E0%B8%B2/%E0%B9%80%E0%B8%9B%E0%B8%AA%E0%B8%B0%E0%B8%9E%E0%B8%B2%E0%B8%A2%E0%B8%AB%E0%B8%A5%E0%B8%87/,"false"
https://iprice.sg/x-level/phones-tablets/,12/5/18,https://ipricethailand.com/x-level/%E0%B9%82%E0%B8%97%E0%B8%A3%E0%B8%A8%E0%B8%9E%E0%B8%97%E0%B9%81%E0%B8%A5%E0%B8%B0%E0%B9%81%E0%B8%97%E0%B8%9A%E0%B9%80%E0%B8%A5%E0%B8%95/,"true"
https://iprice.sg/zzooi/toys/,12/5/18,https://ipricethailand.com/zzooi/%E0%B8%82%E0%B8%AD%E0%B8%87%E0%B9%80%E0%B8%A5%E0%B8%99/,"true"
https://iprice.sg/haupon/,12/5/18,https://iprice.vn/haupon/,"true"
https://iprice.sg/nestea/,12/5/18,https://iprice.vn/nestea/,"false"
https://iprice.sg/supreme/bags/backpacks/,12/5/18,https://iprice.vn/supreme/tui/ba-lo/,"false"
https://iprice.sg/x-level/phones-tablets/,12/5/18,https://iprice.vn/x-level/dien-thoai-may-tinh-bang/,"true"
https://iprice.sg/nestea/,12/5/18,https://iprice.hk/nestea/,"false"
https://iprice.sg/greenmax/,12/4/18,https://iprice.my/greenmax/,"true"
https://iprice.sg/kenzo/clothing/ties-bowties/,12/4/18,https://iprice.my/kenzo/clothing/ties-bowties/,"true"
https://iprice.sg/luminarc/kitchen-dining/dinnerware/plates/,12/4/18,https://iprice.my/luminarc/kitchen-dining/dinnerware/plates/,"true"
https://iprice.sg/shezi/phones-tablets/accessories/screen-protectors/,12/4/18,https://iprice.my/shezi/phones-tablets/accessories/screen-protectors/,"true"
https://iprice.sg/simple/bags/women/handbags/,12/4/18,https://iprice.my/simple/bags/women/handbags/,"false"
https://iprice.sg/tupper-cabinet/bedroom/wardrobes/,12/4/18,https://iprice.my/tupper-cabinet/bedroom/wardrobes/,"true"
https://iprice.sg/venuco/bags/sling/,12/4/18,https://iprice.my/venuco/bags/sling/,"true"
https://iprice.sg/acbel/kitchen-dining/cookware/,12/4/18,https://iprice.co.id/acbel/dapur-ruang-makan/peralatan-masak/,"true"
https://iprice.sg/greenmax/,12/4/18,https://iprice.co.id/greenmax/,"true"
https://iprice.sg/jewellery/men/accessories/,12/4/18,https://iprice.co.id/perhiasan/pria/aksesoris/,"false"
https://iprice.sg/luminarc/kitchen-dining/dinnerware/plates/,12/4/18,https://iprice.co.id/luminarc/dapur-ruang-makan/perlengkapan-makan/piring/,"true"
https://iprice.sg/onnit/,12/4/18,https://iprice.co.id/onnit/,"false"
https://iprice.sg/protect/phones-tablets/,12/4/18,https://iprice.co.id/protect/ponsel-tablet/,"false"
https://iprice.sg/simple/bags/women/handbags/,12/4/18,https://iprice.co.id/simple/tas/wanita/tangan/,"false"
https://iprice.sg/tbg/clothing/,12/4/18,https://iprice.co.id/tbg/pakaian/,"true"
https://iprice.sg/tupper-cabinet/bedroom/wardrobes/,12/4/18,https://iprice.co.id/tupper-cabinet/kamar-tidur/lemari/,"true"
https://iprice.sg/gemeiq/korean-fashion/shoes/,12/4/18,https://iprice.ph/gemeiq/korean-fashion/shoes/,"false"
https://iprice.sg/greenmax/,12/4/18,https://iprice.ph/greenmax/,"true"
https://iprice.sg/nike/shoes/sliders/,12/4/18,https://iprice.ph/nike/shoes/sliders/,"true"
https://iprice.sg/onnit/,12/4/18,https://iprice.ph/onnit/,"false"
https://iprice.sg/quiksilver/clothing/men/tops/tank/,12/4/18,https://iprice.ph/quiksilver/clothing/men/tops/tank/,"false"
https://iprice.sg/jewellery/men/accessories/,12/4/18,https://ipricethailand.com/%E0%B9%80%E0%B8%84%E0%B8%A3%E0%B8%AD%E0%B8%87%E0%B8%9B%E0%B8%A3%E0%B8%B0%E0%B8%94%E0%B8%9A/%E0%B8%9C%E0%B8%8A%E0%B8%B2%E0%B8%A2/accessories/,"false"
https://iprice.sg/kenzo/clothing/ties-bowties/,12/4/18,https://ipricethailand.com/kenzo/%E0%B9%80%E0%B8%84%E0%B8%A3%E0%B8%AD%E0%B8%87%E0%B9%81%E0%B8%95%E0%B8%87%E0%B8%81%E0%B8%B2%E0%B8%A2/%E0%B9%80%E0%B8%99%E0%B8%84%E0%B9%84%E0%B8%97%E0%B9%81%E0%B8%A5%E0%B8%B0%E0%B9%82%E0%B8%9A%E0%B8%A7/,"true"
https://iprice.sg/luminarc/kitchen-dining/dinnerware/plates/,12/4/18,https://ipricethailand.com/luminarc/%E0%B8%AB%E0%B8%AD%E0%B8%87%E0%B8%84%E0%B8%A3%E0%B8%A7%E0%B9%81%E0%B8%A5%E0%B8%B0%E0%B8%AB%E0%B8%AD%E0%B8%87%E0%B8%A3%E0%B8%9A%E0%B8%9B%E0%B8%A3%E0%B8%B0%E0%B8%97%E0%B8%B2%E0%B8%99%E0%B8%AD%E0%B8%B2%E0%B8%AB%E0%B8%B2%E0%B8%A3/%E0%B8%AD%E0%B8%9B%E0%B8%81%E0%B8%A3%E0%B8%93%E0%B8%AA%E0%B8%B3%E0%B8%AB%E0%B8%A3%E0%B8%9A%E0%B8%A3%E0%B8%9A%E0%B8%9B%E0%B8%A3%E0%B8%B0%E0%B8%97%E0%B8%B2%E0%B8%99%E0%B8%AD%E0%B8%B2%E0%B8%AB%E0%B8%B2%E0%B8%A3/%E0%B8%88%E0%B8%B2%E0%B8%99/,"true"
https://iprice.sg/naning9/clothing/women/dresses/maxi/,12/4/18,https://ipricethailand.com/naning9/%E0%B9%80%E0%B8%84%E0%B8%A3%E0%B8%AD%E0%B8%87%E0%B9%81%E0%B8%95%E0%B8%87%E0%B8%81%E0%B8%B2%E0%B8%A2/%E0%B8%9C%E0%B8%AB%E0%B8%8D%E0%B8%87/%E0%B8%8A%E0%B8%94%E0%B9%80%E0%B8%94%E0%B8%A3%E0%B8%AA/%E0%B9%81%E0%B8%A1%E0%B8%81%E0%B8%8B/,"true"
https://iprice.sg/venuco/bags/sling/,12/4/18,https://ipricethailand.com/venuco/%E0%B8%81%E0%B8%A3%E0%B8%B0%E0%B9%80%E0%B8%9B%E0%B8%B2/%E0%B8%81%E0%B8%A3%E0%B8%B0%E0%B9%80%E0%B8%9B%E0%B8%B2%E0%B8%AA%E0%B8%B0%E0%B8%9E%E0%B8%B2%E0%B8%A2/,"true"
https://iprice.sg/wopow/phones-tablets/,12/4/18,https://ipricethailand.com/wopow/%E0%B9%82%E0%B8%97%E0%B8%A3%E0%B8%A8%E0%B8%9E%E0%B8%97%E0%B9%81%E0%B8%A5%E0%B8%B0%E0%B9%81%E0%B8%97%E0%B8%9A%E0%B9%80%E0%B8%A5%E0%B8%95/,"true"
https://iprice.sg/jewellery/men/accessories/,12/4/18,https://iprice.vn/trang-suc/nam/phu-kien/,"false"
https://iprice.sg/onnit/,12/4/18,https://iprice.vn/onnit/,"false"
https://iprice.sg/jewellery/men/accessories/,12/4/18,https://iprice.hk/jewellery/men/accessories/,"false"
https://iprice.sg/naning9/clothing/women/dresses/maxi/,12/4/18,https://iprice.hk/naning9/clothing/women/dresses/maxi/,"true"
https://iprice.sg/thomas/kids-clothing/,12/3/18,https://iprice.co.id/thomas/pakaian-anak/,"true"
https://iprice.sg/thomas/kids-clothing/,12/3/18,https://iprice.ph/thomas/kids-clothing/,"true"
https://iprice.sg/chiara-ferragni/clothing/hoodies-and-sweatshirts/,12/2/18,https://iprice.my/chiara-ferragni/clothing/hoodies-and-sweatshirts/,"true"
https://iprice.sg/adidas/suede/shoes/sneakers/,12/2/18,https://iprice.co.id/adidas/suede/sepatu/sneaker/,"false"
https://iprice.sg/karl-lagerfeld/clothing/men/hoodies-and-sweatshirts/,12/2/18,https://iprice.co.id/karl-lagerfeld/pakaian/pria/hoodie-dan-sweatshirt/,"true"
https://iprice.sg/adidas/suede/shoes/sneakers/,12/2/18,https://iprice.ph/adidas/suede/shoes/sneakers/,"false"
https://iprice.sg/karl-lagerfeld/clothing/men/hoodies-and-sweatshirts/,12/2/18,https://iprice.ph/karl-lagerfeld/clothing/men/hoodies-and-sweatshirts/,"true"
https://iprice.sg/romwe/clothing/shirts/dress/,12/2/18,https://iprice.ph/romwe/clothing/shirts/dress/,"false"
https://iprice.sg/adidas/suede/shoes/sneakers/,12/2/18,https://ipricethailand.com/adidas/suede/%E0%B8%A3%E0%B8%AD%E0%B8%87%E0%B9%80%E0%B8%97%E0%B8%B2/%E0%B8%A3%E0%B8%AD%E0%B8%87%E0%B9%80%E0%B8%97%E0%B8%B2%E0%B8%9C%E0%B8%B2%E0%B9%83%E0%B8%9A/,"false"
https://iprice.sg/karl-lagerfeld/clothing/men/hoodies-and-sweatshirts/,12/2/18,https://iprice.vn/karl-lagerfeld/quan-ao/nam/ao-khoac-hoodies-ao-khoac-tay-dai/,"true"
https://iprice.sg/asus/kitchen-dining/,12/1/18,https://iprice.ph/asus/kitchen-dining/,"false"
https://iprice.sg/hella/clothing/,12/1/18,https://iprice.ph/hella/clothing/,"false"
https://iprice.sg/winning/eyecare/,11/30/18,https://ipricethailand.com/winning/%E0%B8%9C%E0%B8%A5%E0%B8%95%E0%B8%A0%E0%B8%93%E0%B8%91%E0%B8%AA%E0%B8%B3%E0%B8%AB%E0%B8%A3%E0%B8%9A%E0%B8%94%E0%B8%A7%E0%B8%87%E0%B8%95%E0%B8%B2/,"false"
https://iprice.sg/thom-browne/shoes/boots/winter/,11/29/18,https://iprice.my/thom-browne/shoes/boots/winter/,"false"
https://iprice.sg/thom-browne/shoes/boots/winter/,11/29/18,https://ipricethailand.com/thom-browne/%E0%B8%A3%E0%B8%AD%E0%B8%87%E0%B9%80%E0%B8%97%E0%B8%B2/%E0%B8%A3%E0%B8%AD%E0%B8%87%E0%B9%80%E0%B8%97%E0%B8%B2%E0%B8%9A%E0%B8%97/%E0%B8%81%E0%B8%99%E0%B8%AB%E0%B8%99%E0%B8%B2%E0%B8%A7/,"false"
https://iprice.sg/vivartte/clothing/hats/,11/28/18,https://ipricethailand.com/vivartte/%E0%B9%80%E0%B8%84%E0%B8%A3%E0%B8%AD%E0%B8%87%E0%B9%81%E0%B8%95%E0%B8%87%E0%B8%81%E0%B8%B2%E0%B8%A2/%E0%B8%AB%E0%B8%A1%E0%B8%A7%E0%B8%81/,"true"
https://iprice.sg/ld/clothing/,11/27/18,https://iprice.co.id/ld/pakaian/,"true"
https://iprice.sg/mizuno/clothing/shorts/,11/27/18,https://iprice.co.id/mizuno/pakaian/celana-pendek/,"true"
https://iprice.sg/ld/clothing/,11/27/18,https://iprice.ph/ld/clothing/,"true"
https://iprice.sg/ld/clothing/,11/27/18,https://ipricethailand.com/ld/%E0%B9%80%E0%B8%84%E0%B8%A3%E0%B8%AD%E0%B8%87%E0%B9%81%E0%B8%95%E0%B8%87%E0%B8%81%E0%B8%B2%E0%B8%A2/,"true"
https://iprice.sg/aquatech/camera-photo/accessories/,11/26/18,https://iprice.my/aquatech/camera-photo/accessories/,"true"
https://iprice.sg/zalora/clothing/women/dresses/kimono/,11/26/18,https://iprice.my/zalora/clothing/women/dresses/kimono/,"true"
https://iprice.sg/aquatech/camera-photo/accessories/,11/26/18,https://ipricethailand.com/aquatech/%E0%B8%81%E0%B8%A5%E0%B8%AD%E0%B8%87%E0%B8%96%E0%B8%B2%E0%B8%A2%E0%B8%A3%E0%B8%9B%E0%B9%81%E0%B8%A5%E0%B8%B0%E0%B8%A3%E0%B8%9B%E0%B8%A0%E0%B8%B2%E0%B8%9E/%E0%B8%AD%E0%B8%9B%E0%B8%81%E0%B8%A3%E0%B8%93%E0%B9%80%E0%B8%AA%E0%B8%A3%E0%B8%A1/,"true"
https://iprice.sg/hom/clothing/underwear/boxers/,11/26/18,https://ipricethailand.com/hom/%E0%B9%80%E0%B8%84%E0%B8%A3%E0%B8%AD%E0%B8%87%E0%B9%81%E0%B8%95%E0%B8%87%E0%B8%81%E0%B8%B2%E0%B8%A2/%E0%B8%8A%E0%B8%94%E0%B8%8A%E0%B8%99%E0%B9%83%E0%B8%99/%E0%B8%81%E0%B8%B2%E0%B8%87%E0%B9%80%E0%B8%81%E0%B8%87%E0%B8%9A%E0%B8%AD%E0%B8%81%E0%B9%80%E0%B8%8B%E0%B8%AD%E0%B8%A3/,"true"
https://iprice.sg/labiotte/makeup/face/,11/26/18,https://ipricethailand.com/labiotte/%E0%B9%80%E0%B8%84%E0%B8%A3%E0%B8%AD%E0%B8%87%E0%B8%AA%E0%B8%B3%E0%B8%AD%E0%B8%B2%E0%B8%87/%E0%B9%83%E0%B8%9A%E0%B8%AB%E0%B8%99%E0%B8%B2/,"true"
https://iprice.sg/labiotte/makeup/face/,11/26/18,https://iprice.vn/labiotte/trang-diem/mat/,"true"
https://iprice.sg/cliv/skin-care/face/,11/25/18,https://iprice.my/cliv/skin-care/face/,"false"
https://iprice.sg/new-balance/groceries/,11/25/18,https://iprice.my/new-balance/groceries/,"false"
https://iprice.sg/new-balance/groceries/,11/25/18,https://iprice.ph/new-balance/groceries/,"false"
https://iprice.sg/kumon/toys/,11/24/18,https://iprice.ph/kumon/toys/,"true"
https://iprice.sg/catalyst/phones-tablets/accessories/cases-covers/,11/24/18,https://ipricethailand.com/catalyst/%E0%B9%82%E0%B8%97%E0%B8%A3%E0%B8%A8%E0%B8%9E%E0%B8%97%E0%B9%81%E0%B8%A5%E0%B8%B0%E0%B9%81%E0%B8%97%E0%B8%9A%E0%B9%80%E0%B8%A5%E0%B8%95/%E0%B8%AD%E0%B8%9B%E0%B8%81%E0%B8%A3%E0%B8%93%E0%B9%80%E0%B8%AA%E0%B8%A3%E0%B8%A1/%E0%B9%80%E0%B8%84%E0%B8%AA/,"false"
https://iprice.sg/homey/,11/23/18,https://iprice.my/homey/,"false"
https://iprice.sg/monopoly/home-decor/,11/23/18,https://iprice.co.id/monopoly/dekorasi-rumah/,"false"
https://iprice.sg/homey/,11/23/18,https://iprice.hk/homey/,"false"
https://iprice.sg/sonny-angel/,11/22/18,https://iprice.my/sonny-angel/,"true"
https://iprice.sg/sonny-angel/,11/22/18,https://iprice.co.id/sonny-angel/,"true"
https://iprice.sg/zara/clothing/jeans/,11/22/18,https://iprice.co.id/zara/pakaian/jeans/,"true"
https://iprice.sg/adidas/climacool/clothing/underwear/boxer-briefs/,11/22/18,https://iprice.ph/adidas/climacool/clothing/underwear/boxer-briefs/,"false"
https://iprice.sg/wow/home-decor/wall-art/,11/22/18,https://iprice.ph/wow/home-decor/wall-art/,"true"
https://iprice.sg/amgo/computing/,11/22/18,https://ipricethailand.com/amgo/%E0%B8%AD%E0%B8%9B%E0%B8%81%E0%B8%A3%E0%B8%93%E0%B8%84%E0%B8%AD%E0%B8%A1%E0%B8%9E%E0%B8%A7%E0%B9%80%E0%B8%95%E0%B8%AD%E0%B8%A3/,"true"
https://iprice.sg/sonny-angel/,11/22/18,https://ipricethailand.com/sonny-angel/,"true"
https://iprice.sg/zara/clothing/jeans/,11/22/18,https://iprice.vn/zara/quan-ao/jeans/,"true"
https://iprice.sg/ron-dorff/clothing/men/hoodies-and-sweatshirts/,11/21/18,https://iprice.my/ron-dorff/clothing/men/hoodies-and-sweatshirts/,"true"
https://iprice.sg/ron-dorff/clothing/men/hoodies-and-sweatshirts/,11/21/18,https://iprice.co.id/ron-dorff/pakaian/pria/hoodie-dan-sweatshirt/,"true"
https://iprice.sg/bear/kitchen-dining/tableware/spoons/,11/21/18,https://iprice.ph/bear/kitchen-dining/tableware/spoons/,"false"
https://iprice.sg/luminous/makeup/face/,11/21/18,https://ipricethailand.com/luminous/%E0%B9%80%E0%B8%84%E0%B8%A3%E0%B8%AD%E0%B8%87%E0%B8%AA%E0%B8%B3%E0%B8%AD%E0%B8%B2%E0%B8%87/%E0%B9%83%E0%B8%9A%E0%B8%AB%E0%B8%99%E0%B8%B2/,"false"
https://iprice.sg/luminous/makeup/face/,11/21/18,https://iprice.vn/luminous/trang-diem/mat/,"false"
https://iprice.sg/rilexawhile/,11/20/18,https://iprice.my/rilexawhile/,"false"
https://iprice.sg/rilexawhile/,11/20/18,https://iprice.ph/rilexawhile/,"false"
https://iprice.sg/micro/clothing/,11/19/18,https://iprice.co.id/micro/pakaian/,"false"
https://iprice.sg/cetaphil/skin-care/face/whitening/,11/19/18,https://iprice.ph/cetaphil/skin-care/face/whitening/,"false"
https://iprice.sg/micro/clothing/,11/19/18,https://iprice.ph/micro/clothing/,"false"
https://iprice.sg/casio/baby-g/watches/men/analogue/,11/19/18,https://ipricethailand.com/casio/baby-g/%E0%B8%99%E0%B8%B2%E0%B8%AC%E0%B8%81%E0%B8%B2%E0%B8%82%E0%B8%AD%E0%B8%A1%E0%B8%AD/%E0%B8%9C%E0%B8%8A%E0%B8%B2%E0%B8%A2/%E0%B8%99%E0%B8%B2%E0%B8%AC%E0%B8%81%E0%B8%B2%E0%B8%AD%E0%B8%99%E0%B8%B2%E0%B8%A5%E0%B8%AD%E0%B8%81/,"false"
https://iprice.sg/hunter/hobbies/books/,11/18/18,https://iprice.co.id/hunter/hobi/buku/,"true"
https://iprice.sg/hype/clothing/hoodies-and-sweatshirts/,11/18/18,https://iprice.co.id/hype/pakaian/hoodie-dan-sweatshirt/,"true"
https://iprice.sg/herbalife/groceries/drinks/tea/,11/18/18,https://iprice.ph/herbalife/groceries/drinks/tea/,"false"
https://iprice.sg/hunter/hobbies/books/,11/18/18,https://iprice.ph/hunter/hobbies/books/,"true"
https://iprice.sg/benice/appliances/humidifiers/,11/17/18,https://iprice.my/benice/appliances/humidifiers/,"true"
https://iprice.sg/stone-island/baby-gear/,11/17/18,https://iprice.my/stone-island/baby-gear/,"false"
https://iprice.sg/hikosen-cara-japan/,11/16/18,https://iprice.my/hikosen-cara-japan/,"true"
https://iprice.sg/aokang/shoes/wedges/,11/16/18,https://iprice.co.id/aokang/sepatu/wedges/,"false"
https://iprice.sg/hikosen-cara-japan/,11/16/18,https://iprice.co.id/hikosen-cara-japan/,"true"
https://iprice.sg/kelme/clothing/pants/trousers/,11/16/18,https://iprice.co.id/kelme/pakaian/celana/panjang/,"true"
https://iprice.sg/aokang/shoes/wedges/,11/16/18,https://iprice.ph/aokang/shoes/wedges/,"false"
https://iprice.sg/vero-moda/clothing/women/swimwear/bikinis/,11/16/18,https://iprice.ph/vero-moda/clothing/women/swimwear/bikinis/,"true"
https://iprice.sg/grace/kitchen-dining/cookware/,11/16/18,https://ipricethailand.com/grace/%E0%B8%AB%E0%B8%AD%E0%B8%87%E0%B8%84%E0%B8%A3%E0%B8%A7%E0%B9%81%E0%B8%A5%E0%B8%B0%E0%B8%AB%E0%B8%AD%E0%B8%87%E0%B8%A3%E0%B8%9A%E0%B8%9B%E0%B8%A3%E0%B8%B0%E0%B8%97%E0%B8%B2%E0%B8%99%E0%B8%AD%E0%B8%B2%E0%B8%AB%E0%B8%B2%E0%B8%A3/%E0%B9%80%E0%B8%84%E0%B8%A3%E0%B8%AD%E0%B8%87%E0%B8%84%E0%B8%A3%E0%B8%A7/,"true"
https://iprice.sg/hikosen-cara-japan/,11/16/18,https://ipricethailand.com/hikosen-cara-japan/,"true"
https://iprice.sg/adidas/kanadia/shoes/sports/hiking/,11/15/18,https://iprice.my/adidas/kanadia/shoes/sports/hiking/,"false"
https://iprice.sg/deuter/clothing/,11/15/18,https://iprice.my/deuter/clothing/,"false"
https://iprice.sg/adidas/kanadia/shoes/sports/hiking/,11/15/18,https://iprice.co.id/adidas/kanadia/sepatu/olahraga/hiking/,"false"
https://iprice.sg/deli/bags/briefcases/,11/15/18,https://iprice.co.id/deli/tas/kantor/,"true"
https://iprice.sg/deuter/clothing/,11/15/18,https://iprice.co.id/deuter/pakaian/,"false"
https://iprice.sg/norvincy/shoes/sports/,11/15/18,https://iprice.co.id/norvincy/sepatu/olahraga/,"true"
https://iprice.sg/deuter/clothing/,11/15/18,https://iprice.ph/deuter/clothing/,"false"
https://iprice.sg/serta/home-office/chairs/,11/15/18,https://iprice.ph/serta/home-office/chairs/,"true"
https://iprice.sg/wk-design/kitchen-dining/cookware/pots/,11/15/18,https://iprice.ph/wk-design/kitchen-dining/cookware/pots/,"false"
https://iprice.sg/armaggeddon/kitchen-dining/cookware/pots/,11/14/18,https://iprice.my/armaggeddon/kitchen-dining/cookware/pots/,"false"
https://iprice.sg/coleman/adventure/fishing/,11/14/18,https://ipricethailand.com/coleman/%E0%B8%81%E0%B8%B2%E0%B8%A3%E0%B8%9C%E0%B8%88%E0%B8%8D%E0%B8%A0%E0%B8%A2/%E0%B8%95%E0%B8%81%E0%B8%9B%E0%B8%A5%E0%B8%B2/,"false"
https://iprice.sg/hc/toys/building/,11/13/18,https://iprice.ph/hc/toys/building/,"true"
https://iprice.sg/tulip/groceries/food-cupboard/canned-food/,11/13/18,https://iprice.ph/tulip/groceries/food-cupboard/canned-food/,"false"
https://iprice.sg/cetaphil/skin-care/face/night-creams/,11/12/18,https://iprice.ph/cetaphil/skin-care/face/night-creams/,"false"
https://iprice.sg/alysvia/kitchen-dining/cookware/pots/,11/11/18,https://iprice.my/alysvia/kitchen-dining/cookware/pots/,"false"
https://iprice.sg/brixton/groceries/,11/11/18,https://iprice.my/brixton/groceries/,"false"
https://iprice.sg/citizen/kitchen-dining/cookware/pots/,11/10/18,https://iprice.my/citizen/kitchen-dining/cookware/pots/,"false"
https://iprice.sg/tecware/kitchen-dining/cookware/pots/,11/10/18,https://iprice.my/tecware/kitchen-dining/cookware/pots/,"false"
https://iprice.sg/nature-republic/hair-care/conditioners/,11/10/18,https://iprice.co.id/nature-republic/perawatan-rambut/kondisioner/,"false"
https://iprice.sg/oem-china/shoes/sneakers/,11/10/18,https://iprice.co.id/oem-china/sepatu/sneaker/,"false"
https://iprice.sg/kate-spade-new-york/shoes/women/boots/,11/10/18,https://iprice.ph/kate-spade-new-york/shoes/women/boots/,"true"
https://iprice.sg/fila/original/shoes/sandals/,11/10/18,https://ipricethailand.com/fila/original/%E0%B8%A3%E0%B8%AD%E0%B8%87%E0%B9%80%E0%B8%97%E0%B8%B2/%E0%B8%A3%E0%B8%AD%E0%B8%87%E0%B9%80%E0%B8%97%E0%B8%B2%E0%B9%81%E0%B8%95%E0%B8%B0/,"false"
https://iprice.sg/nature-republic/hair-care/conditioners/,11/10/18,https://ipricethailand.com/nature-republic/%E0%B8%9C%E0%B8%A5%E0%B8%95%E0%B8%A0%E0%B8%93%E0%B8%91%E0%B8%94%E0%B9%81%E0%B8%A5%E0%B9%80%E0%B8%AA%E0%B8%99%E0%B8%9C%E0%B8%A1/%E0%B8%84%E0%B8%A3%E0%B8%A1%E0%B8%99%E0%B8%A7%E0%B8%94%E0%B8%9C%E0%B8%A1/,"false"
https://iprice.sg/images/makeup/face/,11/8/18,https://ipricethailand.com/images/%E0%B9%80%E0%B8%84%E0%B8%A3%E0%B8%AD%E0%B8%87%E0%B8%AA%E0%B8%B3%E0%B8%AD%E0%B8%B2%E0%B8%87/%E0%B9%83%E0%B8%9A%E0%B8%AB%E0%B8%99%E0%B8%B2/,"true"
https://iprice.sg/images/makeup/face/,11/8/18,https://iprice.vn/images/trang-diem/mat/,"true"
https://iprice.sg/dream-lighting/lighting/,11/7/18,https://iprice.my/dream-lighting/lighting/,"false"
https://iprice.sg/msur/,11/7/18,https://iprice.my/msur/,"false"
https://iprice.sg/msur/,11/7/18,https://iprice.co.id/msur/,"false"
https://iprice.sg/dream-lighting/lighting/,11/7/18,https://iprice.ph/dream-lighting/lighting/,"false"
https://iprice.sg/balea/makeup/face/,11/7/18,https://iprice.vn/balea/trang-diem/mat/,"true"
https://iprice.sg/tumi/bags/men/sling/shoulder/,11/6/18,https://iprice.co.id/tumi/tas/pria/selempang/bahu/,"true"
https://iprice.sg/zara/clothing/skirts/midi/,11/6/18,https://iprice.co.id/zara/pakaian/rok/midi/,"true"
https://iprice.sg/chh/clothing/jackets/,11/6/18,https://iprice.ph/chh/clothing/jackets/,"true"
https://iprice.sg/michael-kors/groceries/alcohol/,11/6/18,https://iprice.ph/michael-kors/groceries/alcohol/,"false"
https://iprice.sg/only/clothing/sportswear/,11/5/18,https://iprice.my/only/clothing/sportswear/,"true"
https://iprice.sg/victorias-secret/bags/wallets/,11/5/18,https://iprice.my/victorias-secret/bags/wallets/,"false"
https://iprice.sg/adidas/original/clothing/polo-shirts/,11/5/18,https://iprice.co.id/adidas/original/pakaian/kemeja-polo/,"true"
https://iprice.sg/daiicihi/,11/5/18,https://iprice.co.id/daiicihi/,"true"
https://iprice.sg/kado/,11/5/18,https://iprice.co.id/kado/,"true"
https://iprice.sg/nike/kobe/shoes/sports/running/,11/5/18,https://iprice.co.id/nike/kobe/sepatu/olahraga/lari/,"false"
https://iprice.sg/redeye/clothing/,11/5/18,https://iprice.co.id/redeye/pakaian/,"true"
https://iprice.sg/rosetta-getty/shoes/women/boots/,11/5/18,https://iprice.co.id/rosetta-getty/sepatu/wanita/boot/,"true"
https://iprice.sg/totoro/bedroom/,11/5/18,https://iprice.co.id/totoro/kamar-tidur/,"false"
https://iprice.sg/victorias-secret/bags/wallets/,11/5/18,https://iprice.co.id/victorias-secret/tas/dompet/,"false"
https://iprice.sg/adidas/original/clothing/polo-shirts/,11/5/18,https://iprice.ph/adidas/original/clothing/polo-shirts/,"true"
https://iprice.sg/nike/kobe/shoes/sports/running/,11/5/18,https://iprice.ph/nike/kobe/shoes/sports/running/,"false"
https://iprice.sg/only/clothing/sportswear/,11/5/18,https://iprice.ph/only/clothing/sportswear/,"true"
https://iprice.sg/victorias-secret/bags/wallets/,11/5/18,https://iprice.ph/victorias-secret/bags/wallets/,"false"
https://iprice.sg/only/clothing/sportswear/,11/5/18,https://ipricethailand.com/only/%E0%B9%80%E0%B8%84%E0%B8%A3%E0%B8%AD%E0%B8%87%E0%B9%81%E0%B8%95%E0%B8%87%E0%B8%81%E0%B8%B2%E0%B8%A2/%E0%B8%8A%E0%B8%94%E0%B8%81%E0%B8%AC%E0%B8%B2/,"true"
https://iprice.sg/totoro/bedroom/,11/5/18,https://ipricethailand.com/totoro/%E0%B8%AB%E0%B8%AD%E0%B8%87%E0%B8%99%E0%B8%AD%E0%B8%99/,"false"
https://iprice.sg/victorias-secret/bags/wallets/,11/5/18,https://ipricethailand.com/victorias-secret/%E0%B8%81%E0%B8%A3%E0%B8%B0%E0%B9%80%E0%B8%9B%E0%B8%B2/%E0%B8%81%E0%B8%A3%E0%B8%B0%E0%B9%80%E0%B8%9B%E0%B8%B2%E0%B8%AA%E0%B8%95%E0%B8%B2%E0%B8%87%E0%B8%84/,"false"
https://iprice.sg/adidas/original/clothing/polo-shirts/,11/5/18,https://iprice.vn/adidas/original/quan-ao/ao-polo/,"true"
https://iprice.sg/only/clothing/sportswear/,11/5/18,https://iprice.vn/only/quan-ao/the-thao/,"true"
https://iprice.sg/lycka/korean-fashion/,11/5/18,https://iprice.hk/lycka/korean-fashion/,"false"
https://iprice.sg/bowa/bags/,11/4/18,https://iprice.my/bowa/bags/,"true"
https://iprice.sg/clothing/men/swimwear/bikinis/,11/4/18,https://iprice.my/clothing/men/swimwear/bikinis/,"false"
https://iprice.sg/daphne/bags/sling/shoulder/,11/4/18,https://iprice.my/daphne/bags/sling/shoulder/,"true"
https://iprice.sg/hot-wheels/skin-care/face/,11/4/18,https://iprice.my/hot-wheels/skin-care/face/,"false"
https://iprice.sg/a-bonne/bath-body/,11/4/18,https://iprice.co.id/a-bonne/perlengkapan-mandi-tubuh/,"false"
https://iprice.sg/bts/home-decor/wall-art/,11/4/18,https://iprice.co.id/bts/dekorasi-rumah/hiasan-dinding/,"false"
https://iprice.sg/clothing/men/swimwear/bikinis/,11/4/18,https://iprice.co.id/pakaian/pria/renang/bikini/,"false"
https://iprice.sg/fischertechnik/,11/4/18,https://iprice.co.id/fischertechnik/,"true"
https://iprice.sg/surefire/home-improvement/flashlights/,11/4/18,https://iprice.co.id/surefire/perbaikan-rumah/senter/,"false"
https://iprice.sg/a-bonne/bath-body/,11/4/18,https://iprice.ph/a-bonne/bath-body/,"false"
https://iprice.sg/a-bonne/bath-body/shower/scrubs/,11/4/18,https://iprice.ph/a-bonne/bath-body/shower/scrubs/,"false"
https://iprice.sg/bts/home-decor/wall-art/,11/4/18,https://iprice.ph/bts/home-decor/wall-art/,"false"
https://iprice.sg/clothing/men/swimwear/bikinis/,11/4/18,https://iprice.ph/clothing/men/swimwear/bikinis/,"false"
https://iprice.sg/dresslily/clothing/men/jackets/windbreakers/,11/4/18,https://iprice.ph/dresslily/clothing/men/jackets/windbreakers/,"true"
https://iprice.sg/fila/clothing/women/shirts/,11/4/18,https://iprice.ph/fila/clothing/women/shirts/,"true"
https://iprice.sg/nici/bedroom/pillows/,11/4/18,https://iprice.ph/nici/bedroom/pillows/,"true"
https://iprice.sg/septwolves/clothing/shirts/plaid/,11/4/18,https://iprice.ph/septwolves/clothing/shirts/plaid/,"true"
https://iprice.sg/stride-rite/shoes/boots/,11/4/18,https://iprice.ph/stride-rite/shoes/boots/,"true"
https://iprice.sg/surefire/home-improvement/flashlights/,11/4/18,https://iprice.ph/surefire/home-improvement/flashlights/,"false"
https://iprice.sg/zmgang/clothing/jeans/ripped/,11/4/18,https://iprice.ph/zmgang/clothing/jeans/ripped/,"false"
https://iprice.sg/a-bonne/bath-body/,11/4/18,https://ipricethailand.com/a-bonne/%E0%B8%9C%E0%B8%A5%E0%B8%95%E0%B8%A0%E0%B8%93%E0%B8%91%E0%B8%94%E0%B9%81%E0%B8%A5%E0%B9%81%E0%B8%A5%E0%B8%B0%E0%B8%97%E0%B8%B3%E0%B8%84%E0%B8%A7%E0%B8%B2%E0%B8%A1%E0%B8%AA%E0%B8%B0%E0%B8%AD%E0%B8%B2%E0%B8%94%E0%B8%9C%E0%B8%A7%E0%B8%81%E0%B8%B2%E0%B8%A2/,"false"
https://iprice.sg/bts/home-decor/wall-art/,11/4/18,https://ipricethailand.com/bts/%E0%B8%82%E0%B8%AD%E0%B8%87%E0%B8%95%E0%B8%81%E0%B9%81%E0%B8%95%E0%B8%87%E0%B8%9A%E0%B8%B2%E0%B8%99/%E0%B8%A3%E0%B8%9B%E0%B8%95%E0%B8%94%E0%B8%9C%E0%B8%99%E0%B8%87/,"false"
https://iprice.sg/clothing/men/swimwear/bikinis/,11/4/18,https://ipricethailand.com/%E0%B9%80%E0%B8%84%E0%B8%A3%E0%B8%AD%E0%B8%87%E0%B9%81%E0%B8%95%E0%B8%87%E0%B8%81%E0%B8%B2%E0%B8%A2/%E0%B8%9C%E0%B8%8A%E0%B8%B2%E0%B8%A2/%E0%B8%AA%E0%B8%B3%E0%B8%AB%E0%B8%A3%E0%B8%9A%E0%B8%A7%E0%B8%B2%E0%B8%A2%E0%B8%99%E0%B8%B3/%E0%B8%9A%E0%B8%81%E0%B8%99/,"false"
https://iprice.sg/daphne/bags/sling/shoulder/,11/4/18,https://ipricethailand.com/daphne/%E0%B8%81%E0%B8%A3%E0%B8%B0%E0%B9%80%E0%B8%9B%E0%B8%B2/%E0%B8%81%E0%B8%A3%E0%B8%B0%E0%B9%80%E0%B8%9B%E0%B8%B2%E0%B8%AA%E0%B8%B0%E0%B8%9E%E0%B8%B2%E0%B8%A2/%E0%B8%AA%E0%B8%B0%E0%B8%9E%E0%B8%B2%E0%B8%A2%E0%B9%84%E0%B8%AB%E0%B8%A5/,"true"
https://iprice.sg/mac-cosmetics/makeup/face/,11/4/18,https://ipricethailand.com/mac-cosmetics/%E0%B9%80%E0%B8%84%E0%B8%A3%E0%B8%AD%E0%B8%87%E0%B8%AA%E0%B8%B3%E0%B8%AD%E0%B8%B2%E0%B8%87/%E0%B9%83%E0%B8%9A%E0%B8%AB%E0%B8%99%E0%B8%B2/,"true"
https://iprice.sg/a-bonne/bath-body/shower/scrubs/,11/4/18,https://iprice.vn/a-bonne/san-pham-tam-cham-soc-co-the/san-pham-tam/tay-te-bao-chet/,"false"
https://iprice.sg/clothing/men/swimwear/bikinis/,11/4/18,https://iprice.vn/quan-ao/nam/do-boi/bikini/,"false"
https://iprice.sg/mac-cosmetics/makeup/face/,11/4/18,https://iprice.vn/mac-cosmetics/trang-diem/mat/,"true"
https://iprice.sg/zzooi/appliances/toasters/,11/4/18,https://iprice.vn/zzooi/do-gia-dung/may-nuong-banh-mi/,"true"
https://iprice.sg/bad-lab/skin-care/face/,11/3/18,https://iprice.my/bad-lab/skin-care/face/,"true"
https://iprice.sg/lily/clothing/,11/3/18,https://iprice.co.id/lily/pakaian/,"false"
https://iprice.sg/bad-lab/skin-care/face/,11/3/18,https://iprice.ph/bad-lab/skin-care/face/,"true"
https://iprice.sg/lily/clothing/,11/3/18,https://iprice.ph/lily/clothing/,"false"
https://iprice.sg/adidas/stan-smith/shoes/men/sports/,11/3/18,https://iprice.vn/adidas/stan-smith/giay-dep/nam/the-thao/,"true"
https://iprice.sg/eenten/action-sports/,11/2/18,https://iprice.my/eenten/action-sports/,"false"
https://iprice.sg/gamma/home-decor/,11/2/18,https://iprice.my/gamma/home-decor/,"true"
https://iprice.sg/loukin/,11/2/18,https://iprice.my/loukin/,"true"
https://iprice.sg/natura/makeup/,11/2/18,https://iprice.my/natura/makeup/,"false"
https://iprice.sg/ubest/toys/dolls/,11/2/18,https://iprice.my/ubest/toys/dolls/,"true"
https://iprice.sg/empty/jewellery/hair/headbands/,11/2/18,https://iprice.co.id/empty/perhiasan/rambut/bando/,"true"
https://iprice.sg/loukin/,11/2/18,https://iprice.co.id/loukin/,"true"
https://iprice.sg/belo/hallway-entry/,11/2/18,https://iprice.ph/belo/hallway-entry/,"true"
https://iprice.sg/natura/makeup/,11/2/18,https://iprice.ph/natura/makeup/,"false"
https://iprice.sg/eenten/action-sports/,11/2/18,https://ipricethailand.com/eenten/%E0%B8%81%E0%B8%AC%E0%B8%B2%E0%B9%80%E0%B8%AD%E0%B8%81%E0%B8%8B%E0%B8%95%E0%B8%A3%E0%B8%A1/,"false"
https://iprice.sg/hi-lane/,11/2/18,https://ipricethailand.com/hi-lane/,"false"
https://iprice.sg/loukin/,11/2/18,https://ipricethailand.com/loukin/,"true"
https://iprice.sg/natura/makeup/,11/2/18,https://ipricethailand.com/natura/%E0%B9%80%E0%B8%84%E0%B8%A3%E0%B8%AD%E0%B8%87%E0%B8%AA%E0%B8%B3%E0%B8%AD%E0%B8%B2%E0%B8%87/,"false"
https://iprice.sg/hi-lane/,11/2/18,https://iprice.vn/hi-lane/,"false"
https://iprice.sg/xingbao/toys/building/,11/1/18,https://iprice.vn/xingbao/do-choi/xay-dung/,"true"
https://iprice.sg/mylatex/,10/30/18,https://iprice.my/mylatex/,"false"
https://iprice.sg/nsa/clothing/swimwear/swimsuits/,10/29/18,https://iprice.my/nsa/clothing/swimwear/swimsuits/,"false"
https://iprice.sg/cotton-republic/clothing/,10/29/18,https://iprice.ph/cotton-republic/clothing/,"false"
https://iprice.sg/cotton-republic/clothing/,10/29/18,https://ipricethailand.com/cotton-republic/%E0%B9%80%E0%B8%84%E0%B8%A3%E0%B8%AD%E0%B8%87%E0%B9%81%E0%B8%95%E0%B8%87%E0%B8%81%E0%B8%B2%E0%B8%A2/,"false"
https://iprice.sg/seobean/clothing/underwear/briefs/,10/29/18,https://ipricethailand.com/seobean/%E0%B9%80%E0%B8%84%E0%B8%A3%E0%B8%AD%E0%B8%87%E0%B9%81%E0%B8%95%E0%B8%87%E0%B8%81%E0%B8%B2%E0%B8%A2/%E0%B8%8A%E0%B8%94%E0%B8%8A%E0%B8%99%E0%B9%83%E0%B8%99/%E0%B8%81%E0%B8%B2%E0%B8%87%E0%B9%80%E0%B8%81%E0%B8%87%E0%B9%83%E0%B8%99%E0%B8%8A%E0%B8%B2%E0%B8%A2/,"false"
https://iprice.sg/seobean/clothing/underwear/briefs/,10/29/18,https://iprice.vn/seobean/quan-ao/do-lot/quan-lot-brief/,"false"
https://iprice.sg/caruso/clothing/jackets/,10/28/18,https://iprice.co.id/caruso/pakaian/jaket/,"false"
https://iprice.sg/panda/clothing/men/t-shirts/,10/28/18,https://iprice.co.id/panda/pakaian/pria/kaos/,"false"
https://iprice.sg/tasaki/jewellery/women/rings/,10/28/18,https://iprice.co.id/tasaki/perhiasan/wanita/cincin/,"false"
https://iprice.sg/virbac/pets-supplies/cats/,10/28/18,https://iprice.ph/virbac/pets-supplies/cats/,"true"
https://iprice.sg/caruso/clothing/jackets/,10/28/18,https://iprice.vn/caruso/quan-ao/ao-jacket/,"false"
https://iprice.sg/panda/clothing/men/t-shirts/,10/28/18,https://iprice.vn/panda/quan-ao/nam/ao-thun/,"false"
https://iprice.sg/neckermann/men/,10/27/18,https://iprice.co.id/neckermann/pria/,"false"
https://iprice.sg/shein/clothing/dresses/casual/wrap/,10/27/18,https://iprice.ph/shein/clothing/dresses/casual/wrap/,"false"
https://iprice.sg/regatta/clothing/women/,10/19/18,https://iprice.ph/regatta/clothing/women/,"false"
https://iprice.sg/zh/clothing/shirts/,10/5/18,https://ipricethailand.com/zh/%E0%B9%80%E0%B8%84%E0%B8%A3%E0%B8%AD%E0%B8%87%E0%B9%81%E0%B8%95%E0%B8%87%E0%B8%81%E0%B8%B2%E0%B8%A2/%E0%B9%80%E0%B8%AA%E0%B8%AD/,"false"
https://iprice.sg/moschino/toys/,10/3/18,https://ipricethailand.com/moschino/%E0%B8%82%E0%B8%AD%E0%B8%87%E0%B9%80%E0%B8%A5%E0%B8%99/,"false"
https://iprice.sg/moschino/toys/,10/3/18,https://iprice.hk/moschino/toys/,"false"
https://iprice.sg/clothing/men/underwear/lingerie/,9/29/18,https://iprice.my/clothing/men/underwear/lingerie/,"false"
https://iprice.sg/clothing/men/underwear/lingerie/,9/29/18,https://iprice.co.id/pakaian/pria/dalam/lingerie/,"false"
https://iprice.sg/oem-branding/gaming/controllers/,9/6/18,https://iprice.co.id/oem-branding/video-game/controller/,"false"
https://iprice.sg/edc/watches/,9/5/18,https://iprice.my/edc/watches/,"false"
https://iprice.sg/romwe/bags/sling/shoulder/,9/5/18,https://iprice.my/romwe/bags/sling/shoulder/,"false"
https://iprice.sg/sxing/shoes/,9/5/18,https://iprice.my/sxing/shoes/,"false"
https://iprice.sg/twinkledeals/,9/5/18,https://iprice.my/twinkledeals/,"false"
https://iprice.sg/other/bags/briefcases/,9/5/18,https://iprice.co.id/other/tas/kantor/,"false"
https://iprice.sg/putitower/shoes/wedges/,9/5/18,https://iprice.co.id/putitower/sepatu/wedges/,"false"
https://iprice.sg/criminal-damage/clothing/tops/,9/5/18,https://iprice.ph/criminal-damage/clothing/tops/,"true"
https://iprice.sg/edc/watches/,9/5/18,https://iprice.ph/edc/watches/,"false"
https://iprice.sg/romwe/bags/sling/shoulder/,9/5/18,https://iprice.ph/romwe/bags/sling/shoulder/,"false"
https://iprice.sg/twinkledeals/,9/5/18,https://iprice.ph/twinkledeals/,"false"
https://iprice.sg/other/bags/briefcases/,9/5/18,https://ipricethailand.com/other/%E0%B8%81%E0%B8%A3%E0%B8%B0%E0%B9%80%E0%B8%9B%E0%B8%B2/%E0%B8%81%E0%B8%A3%E0%B8%B0%E0%B9%80%E0%B8%9B%E0%B8%B2%E0%B9%80%E0%B8%AD%E0%B8%81%E0%B8%AA%E0%B8%B2%E0%B8%A3/,"false"
https://iprice.sg/baby/bags/sling/shoulder/,9/3/18,https://iprice.my/baby/bags/sling/shoulder/,"false"
https://iprice.sg/lovely-heart/bags/,9/1/18,https://iprice.my/lovely-heart/bags/,"false"
https://iprice.sg/lorna-jane/clothing/sportswear/,9/1/18,https://ipricethailand.com/lorna-jane/%E0%B9%80%E0%B8%84%E0%B8%A3%E0%B8%AD%E0%B8%87%E0%B9%81%E0%B8%95%E0%B8%87%E0%B8%81%E0%B8%B2%E0%B8%A2/%E0%B8%8A%E0%B8%94%E0%B8%81%E0%B8%AC%E0%B8%B2/,"false"
https://iprice.sg/romwe/kids-clothing/skirts/,8/30/18,https://iprice.my/romwe/kids-clothing/skirts/,"false"
https://iprice.sg/romwe/kids-clothing/skirts/,8/30/18,https://iprice.ph/romwe/kids-clothing/skirts/,"false"
https://iprice.sg/philips-avent/feeding/breastfeeding/breast-pumps/single-electric/,8/28/18,https://iprice.my/philips-avent/feeding/breastfeeding/breast-pumps/single-electric/,"false"
https://iprice.sg/philips-avent/feeding/breastfeeding/breast-pumps/single-electric/,8/28/18,https://iprice.ph/philips-avent/feeding/breastfeeding/breast-pumps/single-electric/,"false"
https://iprice.sg/nintendo-switch/gaming/controllers/,8/26/18,https://iprice.my/nintendo-switch/gaming/controllers/,"true"
https://iprice.sg/nintendo-switch/gaming/controllers/,8/26/18,https://iprice.co.id/nintendo-switch/video-game/controller/,"true"
https://iprice.sg/spongebob-squarepants/shoes/sneakers/,8/24/18,https://iprice.co.id/spongebob-squarepants/sepatu/sneaker/,"false"
https://iprice.sg/spongebob-squarepants/shoes/sneakers/,8/24/18,https://ipricethailand.com/spongebob-squarepants/%E0%B8%A3%E0%B8%AD%E0%B8%87%E0%B9%80%E0%B8%97%E0%B8%B2/%E0%B8%A3%E0%B8%AD%E0%B8%87%E0%B9%80%E0%B8%97%E0%B8%B2%E0%B8%9C%E0%B8%B2%E0%B9%83%E0%B8%9A/,"false"
https://iprice.sg/bershka/shoes/sneakers/,8/23/18,https://iprice.my/bershka/shoes/sneakers/,"false"
https://iprice.sg/bershka/shoes/sneakers/,8/23/18,https://iprice.co.id/bershka/sepatu/sneaker/,"false"
https://iprice.sg/vans/shoes/men/sports/running/,8/23/18,https://iprice.co.id/vans/sepatu/pria/olahraga/lari/,"false"
https://iprice.sg/vans/shoes/men/sports/running/,8/23/18,https://iprice.ph/vans/shoes/men/sports/running/,"false"
https://iprice.sg/magqoo/watches/,8/22/18,https://iprice.my/magqoo/watches/,"false"
https://iprice.sg/romwe/baby-clothing/body-suits/,8/21/18,https://iprice.ph/romwe/baby-clothing/body-suits/,"false"
https://iprice.sg/maxstar/shoes/platforms/,8/19/18,https://iprice.hk/maxstar/shoes/platforms/,"false"
https://iprice.sg/world-cup/men/jersey/argentina/,8/11/18,https://iprice.my/world-cup/men/jersey/argentina/,"false"
https://iprice.sg/canon/powershot/camera-photo/accessories/,8/9/18,https://iprice.co.id/canon/powershot/kamera-foto/aksesoris/,"false"
https://iprice.sg/sony/cyber-shot/computing/,8/9/18,https://iprice.ph/sony/cyber-shot/computing/,"false"
https://iprice.sg/canon/powershot/camera-photo/accessories/,8/9/18,https://iprice.vn/canon/powershot/may-anh/phu-kien/,"false"
https://iprice.sg/seiko/jewellery/bracelets/,8/8/18,https://ipricethailand.com/seiko/%E0%B9%80%E0%B8%84%E0%B8%A3%E0%B8%AD%E0%B8%87%E0%B8%9B%E0%B8%A3%E0%B8%B0%E0%B8%94%E0%B8%9A/%E0%B8%AA%E0%B8%A3%E0%B8%AD%E0%B8%A2%E0%B8%82%E0%B8%AD%E0%B8%A1%E0%B8%AD/,"false"
https://iprice.sg/cody-sanderson/jewellery/rings/,8/7/18,https://iprice.my/cody-sanderson/jewellery/rings/,"false"
https://iprice.sg/adidas/adipower/watches/,8/7/18,https://iprice.co.id/adidas/adipower/jam-tangan/,"false"
https://iprice.sg/cody-sanderson/jewellery/rings/,8/7/18,https://iprice.ph/cody-sanderson/jewellery/rings/,"false"
https://iprice.sg/cody-sanderson/jewellery/rings/,8/7/18,https://ipricethailand.com/cody-sanderson/%E0%B9%80%E0%B8%84%E0%B8%A3%E0%B8%AD%E0%B8%87%E0%B8%9B%E0%B8%A3%E0%B8%B0%E0%B8%94%E0%B8%9A/%E0%B9%81%E0%B8%AB%E0%B8%A7%E0%B8%99/,"false"
https://iprice.sg/cody-sanderson/jewellery/rings/,8/7/18,https://iprice.hk/cody-sanderson/jewellery/rings/,"false"
https://iprice.sg/hello-kitty/kitchen-dining/linen/aprons/,8/6/18,https://iprice.co.id/hello-kitty/dapur-ruang-makan/linen/celemek/,"false"
https://iprice.sg/gucci/hair-care/shampoos/,8/6/18,https://iprice.ph/gucci/hair-care/shampoos/,"false"
https://iprice.sg/hello-kitty/kitchen-dining/linen/aprons/,8/6/18,https://ipricethailand.com/hello-kitty/%E0%B8%AB%E0%B8%AD%E0%B8%87%E0%B8%84%E0%B8%A3%E0%B8%A7%E0%B9%81%E0%B8%A5%E0%B8%B0%E0%B8%AB%E0%B8%AD%E0%B8%87%E0%B8%A3%E0%B8%9A%E0%B8%9B%E0%B8%A3%E0%B8%B0%E0%B8%97%E0%B8%B2%E0%B8%99%E0%B8%AD%E0%B8%B2%E0%B8%AB%E0%B8%B2%E0%B8%A3/%E0%B8%9C%E0%B8%B2%E0%B8%81%E0%B8%99%E0%B9%80%E0%B8%9B%E0%B8%AD%E0%B8%99%E0%B9%81%E0%B8%A5%E0%B8%B0%E0%B8%9C%E0%B8%B2%E0%B8%9B%E0%B9%82%E0%B8%95%E0%B8%B0/%E0%B8%9C%E0%B8%B2%E0%B8%81%E0%B8%99%E0%B9%80%E0%B8%9B%E0%B8%AD%E0%B8%99/,"false"
https://iprice.sg/jj-cole/bags/,8/5/18,https://iprice.my/jj-cole/bags/,"false"
https://iprice.sg/nastydress/clothing/jeans/,8/5/18,https://iprice.my/nastydress/clothing/jeans/,"false"
https://iprice.sg/nastydress/clothing/jeans/,8/5/18,https://iprice.co.id/nastydress/pakaian/jeans/,"false"
https://iprice.sg/vans/old-skool/reissue/,8/5/18,https://iprice.ph/vans/old-skool/reissue/,"false"
https://iprice.sg/jj-cole/bags/,8/5/18,https://ipricethailand.com/jj-cole/%E0%B8%81%E0%B8%A3%E0%B8%B0%E0%B9%80%E0%B8%9B%E0%B8%B2/,"false"
https://iprice.sg/reebok/royal/shoes/sports/running/,8/4/18,https://iprice.co.id/reebok/royal/sepatu/olahraga/lari/,"false"
https://iprice.sg/reebok/royal/shoes/sports/running/,8/4/18,https://iprice.ph/reebok/royal/shoes/sports/running/,"false"
https://iprice.sg/reebok/royal/shoes/sports/running/,8/4/18,https://ipricethailand.com/reebok/royal/%E0%B8%A3%E0%B8%AD%E0%B8%87%E0%B9%80%E0%B8%97%E0%B8%B2/%E0%B8%81%E0%B8%AC%E0%B8%B2/%E0%B8%AA%E0%B8%B3%E0%B8%AB%E0%B8%A3%E0%B8%9A%E0%B8%A7%E0%B8%87/,"false"
https://iprice.sg/theorem/,8/4/18,https://ipricethailand.com/theorem/,"false"
https://iprice.sg/hello-kitty/computing/accessories/cables/,7/31/18,https://iprice.my/hello-kitty/computing/accessories/cables/,"false"
https://iprice.sg/hello-kitty/computing/accessories/cables/,7/31/18,https://iprice.co.id/hello-kitty/komputer/aksesoris/kabel/,"false"
https://iprice.sg/casio/g-shock/phones-tablets/accessories/,7/31/18,https://ipricethailand.com/casio/g-shock/%E0%B9%82%E0%B8%97%E0%B8%A3%E0%B8%A8%E0%B8%9E%E0%B8%97%E0%B9%81%E0%B8%A5%E0%B8%B0%E0%B9%81%E0%B8%97%E0%B8%9A%E0%B9%80%E0%B8%A5%E0%B8%95/%E0%B8%AD%E0%B8%9B%E0%B8%81%E0%B8%A3%E0%B8%93%E0%B9%80%E0%B8%AA%E0%B8%A3%E0%B8%A1/,"false"
https://iprice.sg/kylie-cosmetics/makeup/accessories/brushes/,7/27/18,https://iprice.my/kylie-cosmetics/makeup/accessories/brushes/,"false"
https://iprice.sg/hello-kitty/jewellery/hair/headbands/,7/27/18,https://iprice.co.id/hello-kitty/perhiasan/rambut/bando/,"false"
https://iprice.sg/kylie-cosmetics/makeup/accessories/brushes/,7/27/18,https://iprice.co.id/kylie-cosmetics/makeup/aksesoris/kuas/,"false"
https://iprice.sg/kylie-cosmetics/makeup/accessories/brushes/,7/27/18,https://iprice.ph/kylie-cosmetics/makeup/accessories/brushes/,"false"
https://iprice.sg/kylie-cosmetics/makeup/accessories/brushes/,7/27/18,https://ipricethailand.com/kylie-cosmetics/%E0%B9%80%E0%B8%84%E0%B8%A3%E0%B8%AD%E0%B8%87%E0%B8%AA%E0%B8%B3%E0%B8%AD%E0%B8%B2%E0%B8%87/%E0%B8%AD%E0%B8%9B%E0%B8%81%E0%B8%A3%E0%B8%93%E0%B9%80%E0%B8%AA%E0%B8%A3%E0%B8%A1/%E0%B9%81%E0%B8%9B%E0%B8%A3%E0%B8%87%E0%B9%81%E0%B8%95%E0%B8%87%E0%B8%AB%E0%B8%99%E0%B8%B2/,"false"
https://iprice.sg/ballast/watches/men/,7/26/18,https://iprice.my/ballast/watches/men/,"false"
https://iprice.sg/romwe/clothing/underwear/corsets/,7/26/18,https://iprice.my/romwe/clothing/underwear/corsets/,"false"
https://iprice.sg/ballast/watches/men/,7/26/18,https://iprice.co.id/ballast/jam-tangan/pria/,"false"
https://iprice.sg/miffy/shoes/sneakers/,7/26/18,https://iprice.co.id/miffy/sepatu/sneaker/,"false"
https://iprice.sg/miffy/shoes/sneakers/,7/26/18,https://iprice.ph/miffy/shoes/sneakers/,"false"
https://iprice.sg/romwe/clothing/underwear/corsets/,7/26/18,https://iprice.ph/romwe/clothing/underwear/corsets/,"false"
https://iprice.sg/ballast/watches/men/,7/26/18,https://ipricethailand.com/ballast/%E0%B8%99%E0%B8%B2%E0%B8%AC%E0%B8%81%E0%B8%B2%E0%B8%82%E0%B8%AD%E0%B8%A1%E0%B8%AD/%E0%B8%9C%E0%B8%8A%E0%B8%B2%E0%B8%A2/,"false"
https://iprice.sg/romwe/clothing/underwear/corsets/,7/26/18,https://iprice.hk/romwe/clothing/underwear/corsets/,"false"
https://iprice.sg/napapijri/clothing/men/swimwear/,7/25/18,https://iprice.ph/napapijri/clothing/men/swimwear/,"true"
https://iprice.sg/slm/shoes/pumps/,7/25/18,https://iprice.ph/slm/shoes/pumps/,"false"
https://iprice.sg/alia-b/clothing/traditional/,7/24/18,https://iprice.my/alia-b/clothing/traditional/,"false"
https://iprice.sg/stationery/women/card-holders/,7/24/18,https://iprice.my/stationery/women/card-holders/,"false"
https://iprice.sg/travel-star/bags/travel/,7/24/18,https://iprice.my/travel-star/bags/travel/,"false"
https://iprice.sg/urban-preview/shoes/led/,7/24/18,https://iprice.my/urban-preview/shoes/led/,"false"
https://iprice.sg/stationery/women/card-holders/,7/24/18,https://iprice.ph/stationery/women/card-holders/,"false"
https://iprice.sg/chanira/clothing/,7/23/18,https://iprice.co.id/chanira/pakaian/,"false"
https://iprice.sg/bestdon/watches/chronograph/,7/23/18,https://iprice.vn/bestdon/dong-ho/chronograph/,"false"
https://iprice.sg/mujipoem/shoes/,7/22/18,https://iprice.my/mujipoem/shoes/,"false"
https://iprice.sg/mujipoem/shoes/,7/22/18,https://iprice.co.id/mujipoem/sepatu/,"false"
https://iprice.sg/mujipoem/shoes/,7/22/18,https://iprice.ph/mujipoem/shoes/,"false"
https://iprice.sg/cheer/motorcycle-accessories/,7/21/18,https://iprice.my/cheer/motorcycle-accessories/,"false"
https://iprice.sg/moncler-kids/clothing/jackets/bombers/,7/19/18,https://iprice.my/moncler-kids/clothing/jackets/bombers/,"false"
https://iprice.sg/compare/dell-pentium-pd945/,7/18/18,https://iprice.my/compare/dell-pentium-pd945/,"false"
https://iprice.sg/compare/dell-pentium-pd945/,7/18/18,https://ipricethailand.com/%E0%B8%A3%E0%B8%B2%E0%B8%84%E0%B8%B2/dell-pentium-pd945/,"false"
https://iprice.sg/compare/dell-pentium-pd945/,7/18/18,https://iprice.hk/compare/dell-pentium-pd945/,"false"
https://iprice.sg/kent-crew/clothing/shirts/,7/17/18,https://iprice.my/kent-crew/clothing/shirts/,"false"
https://iprice.sg/kent-crew/clothing/shirts/,7/17/18,https://iprice.co.id/kent-crew/pakaian/kemeja/,"false"
https://iprice.sg/compare/compaq-presario-v3196-laptop-charger/,7/7/18,https://iprice.my/compare/compaq-presario-v3196-laptop-charger/,"false"
https://iprice.sg/compare/audio-technica-ath-ad500x/,6/30/18,https://iprice.my/compare/audio-technica-ath-ad500x/,"false"
https://iprice.sg/compare/audio-technica-ath-ad500x/,6/30/18,https://iprice.co.id/harga/audio-technica-ath-ad500x/,"false"
https://iprice.sg/twk/clothing/coats/,6/19/18,https://iprice.my/twk/clothing/coats/,"false"
https://iprice.sg/twk/clothing/coats/,6/19/18,https://ipricethailand.com/twk/%E0%B9%80%E0%B8%84%E0%B8%A3%E0%B8%AD%E0%B8%87%E0%B9%81%E0%B8%95%E0%B8%87%E0%B8%81%E0%B8%B2%E0%B8%A2/%E0%B9%80%E0%B8%AA%E0%B8%AD%E0%B9%82%E0%B8%84%E0%B8%97/,"false"
https://iprice.sg/bibicola/kids-clothing/dresses/flowers/,6/14/18,https://iprice.my/bibicola/kids-clothing/dresses/flowers/,"true"
https://iprice.sg/villelon/bags/sling/shoulder/,6/8/18,https://iprice.my/villelon/bags/sling/shoulder/,"true"
https://iprice.sg/huawei/g7/phones-tablets/smartphones/,5/31/18,https://ipricethailand.com/huawei/g7/%E0%B9%82%E0%B8%97%E0%B8%A3%E0%B8%A8%E0%B8%9E%E0%B8%97%E0%B9%81%E0%B8%A5%E0%B8%B0%E0%B9%81%E0%B8%97%E0%B8%9A%E0%B9%80%E0%B8%A5%E0%B8%95/%E0%B8%AA%E0%B8%A1%E0%B8%B2%E0%B8%A3%E0%B8%97%E0%B9%82%E0%B8%9F%E0%B8%99/,"false"
https://iprice.sg/jewellery/men/necklaces/chokers/,5/16/18,https://iprice.my/jewellery/men/necklaces/chokers/,"false"
https://iprice.sg/jewellery/men/necklaces/chokers/,5/16/18,https://iprice.ph/jewellery/men/necklaces/chokers/,"false"
https://iprice.sg/vanci/baby-clothing/women/,5/15/18,https://iprice.my/vanci/baby-clothing/,"false"
https://iprice.sg/vanci/baby-clothing/women/,5/15/18,https://iprice.ph/vanci/baby-clothing/,"false"
https://iprice.sg/matilde/clothing/women/cardigans/,4/30/18,https://iprice.my/matilde/clothing/women/cardigans/,"false"
https://iprice.sg/matilde/clothing/women/cardigans/,4/30/18,https://iprice.co.id/matilde/pakaian/wanita/kardigan/,"false"
https://iprice.sg/matilde/clothing/women/cardigans/,4/30/18,https://iprice.ph/matilde/clothing/women/cardigans/,"false"
https://iprice.sg/matilde/clothing/women/cardigans/,4/30/18,https://ipricethailand.com/matilde/%E0%B9%80%E0%B8%84%E0%B8%A3%E0%B8%AD%E0%B8%87%E0%B9%81%E0%B8%95%E0%B8%87%E0%B8%81%E0%B8%B2%E0%B8%A2/%E0%B8%9C%E0%B8%AB%E0%B8%8D%E0%B8%87/%E0%B8%84%E0%B8%B2%E0%B8%94%E0%B9%81%E0%B8%81%E0%B8%99/,"false"
https://iprice.sg/matilde/clothing/women/cardigans/,4/30/18,https://iprice.vn/matilde/quan-ao/nu/ao-cardigan/,"false"
https://iprice.sg/sony/xperia/z2/,4/15/18,https://iprice.my/sony/xperia/z2/,"true"
https://iprice.sg/sony/xperia/z2/,4/15/18,https://iprice.co.id/sony/xperia/z2/,"true"
https://iprice.sg/sony/xperia/z2/,4/15/18,https://iprice.ph/sony/xperia/z2/,"true"
https://iprice.sg/sony/xperia/z2/,4/15/18,https://ipricethailand.com/sony/xperia/z2/,"true"
https://iprice.sg/sony/xperia/z2/,4/15/18,https://iprice.vn/sony/xperia/z2/,"true"
https://iprice.sg/aosiman/bags/duffel/,3/18/18,https://iprice.my/aosiman/bags/duffel/,"false"
https://iprice.sg/beverly-hills-polo-club/clothing/t-shirts/round-neck/,3/15/18,https://iprice.ph/beverly-hills-polo-club/clothing/t-shirts/round-neck/,"false"
https://iprice.sg/dian-pelangi/clothing/women/tops/,2/25/18,https://iprice.co.id/dian-pelangi/pakaian/wanita/atasan/,"false"
https://iprice.sg/queens-fls/clothing/formal-wear/blazers/,2/3/18,https://iprice.co.id/queens-fls/pakaian/formal/blazer/,"false"
https://iprice.sg/queens-fls/clothing/formal-wear/blazers/,2/3/18,https://ipricethailand.com/queens-fls/%E0%B9%80%E0%B8%84%E0%B8%A3%E0%B8%AD%E0%B8%87%E0%B9%81%E0%B8%95%E0%B8%87%E0%B8%81%E0%B8%B2%E0%B8%A2/%E0%B8%8A%E0%B8%94%E0%B8%AA%E0%B8%A0%E0%B8%B2%E0%B8%9E/%E0%B9%80%E0%B8%AA%E0%B8%AD%E0%B9%80%E0%B8%9A%E0%B8%A5%E0%B9%80%E0%B8%8B%E0%B8%AD%E0%B8%A3/,"false"
https://iprice.sg/hot-wheels/bags/backpacks/,1/21/18,https://ipricethailand.com/hot-wheels/%E0%B8%81%E0%B8%A3%E0%B8%B0%E0%B9%80%E0%B8%9B%E0%B8%B2/%E0%B9%80%E0%B8%9B%E0%B8%AA%E0%B8%B0%E0%B8%9E%E0%B8%B2%E0%B8%A2%E0%B8%AB%E0%B8%A5%E0%B8%87/,"false"
https://iprice.sg/bolisi/men/,11/21/17,https://ipricethailand.com/bolisi/%E0%B8%9C%E0%B8%8A%E0%B8%B2%E0%B8%A2/,"false"
https://iprice.sg/gracefulvara/clothing/swimwear/monokinis/,11/11/17,https://ipricethailand.com/gracefulvara/%E0%B9%80%E0%B8%84%E0%B8%A3%E0%B8%AD%E0%B8%87%E0%B9%81%E0%B8%95%E0%B8%87%E0%B8%81%E0%B8%B2%E0%B8%A2/%E0%B8%AA%E0%B8%B3%E0%B8%AB%E0%B8%A3%E0%B8%9A%E0%B8%A7%E0%B8%B2%E0%B8%A2%E0%B8%99%E0%B8%B3/%E0%B8%A7%E0%B8%99%E0%B8%9E%E0%B8%8B/,"false"
https://iprice.sg/gracefulvara/clothing/swimwear/monokinis/,11/11/17,https://iprice.vn/gracefulvara/quan-ao/do-boi/ao-tam-1-manh/,"false"
https://iprice.sg/nike/sb/dunk-high/%7B%7B%20url%20%7D%7D/,11/3/17,https://iprice.co.id/nike/sb/dunk-high/,"false"
https://iprice.sg/tavecchi/bags/men/handbags/,1/24/17,https://iprice.co.id/tavecchi/tas/pria/tangan/,"false"
https://iprice.sg/tavecchi/bags/men/handbags/,1/24/17,https://iprice.hk/tavecchi/bags/men/handbags/,"false"
https://iprice.sg/ysl/red/?sort=popularity_desc,5/18/16,https://iprice.my/,"false"
https://iprice.sg/audio-technica/electronics/audio/pink/?sort=popularity_desc,5/17/16,https://iprice.my/audio-technica/electronics/audio/pink/,"false"
https://iprice.sg/audio-technica/electronics/audio/pink/?sort=popularity_desc,5/17/16,https://iprice.my/audio-technica/electronics/audio/pink/,"false"
https://iprice.sg/electrolux/home-living/home-appliances/large-appliances/dish-washers/?sort=popularity_desc,5/16/16,https://iprice.my/,"false"
https://iprice.sg/styleonme/multicolour/?store=yesstyle,5/12/16,https://iprice.co.id/styleonme/multicolour/,"false"