https://iprice.vn/adidas/original/bounce/,12/11/2018,https://iprice.co.id/adidas/original/bounce/,true
https://iprice.vn/adidas/yeezy/giay-dep/the-thao/chay-bo/,12/11/2018,https://iprice.co.id/adidas/yeezy/sepatu/olahraga/lari/,"true"
https://iprice.vn/melody/giay-dep/,12/11/2018,https://iprice.co.id/melody/sepatu/,"true"
https://iprice.vn/puma/ignite-flash-evoknit/,12/10/2018,https://iprice.co.id/puma/ignite-flash-evoknit/,"true"
https://iprice.vn/anitech/,12/10/2018,https://ipricethailand.com/anitech/,"false"
https://iprice.vn/puma/ignite-flash-evoknit/,12/10/2018,https://iprice.ph/puma/ignite-flash-evoknit/,"true"
https://iprice.vn/puma/ignite-flash-evoknit/,12/10/2018,https://iprice.my/puma/ignite-flash-evoknit/,"true"
https://iprice.vn/asus/core/,12/9/2018,https://iprice.co.id/asus/core/,"false"
https://iprice.vn/lacoste/quan-ao/nu/quan-dai/,12/9/2018,https://iprice.co.id/lacoste/pakaian/wanita/celana/,"false"
https://iprice.vn/quan-ao/nam/do-lot/do-lot-nu/,12/9/2018,https://iprice.co.id/pakaian/pria/dalam/lingerie/,"false"
https://iprice.vn/sunsky/quan-ao/ao-mua/,12/9/2018,https://iprice.co.id/sunsky/pakaian/jas-hujan/,"false"
https://iprice.vn/asus/core/,12/9/2018,https://ipricethailand.com/asus/core/,"false"
https://iprice.vn/sun/bep-an/dung-cu-nau-an/,12/9/2018,https://ipricethailand.com/sun/%E0%B8%AB%E0%B8%AD%E0%B8%87%E0%B8%84%E0%B8%A3%E0%B8%A7%E0%B9%81%E0%B8%A5%E0%B8%B0%E0%B8%AB%E0%B8%AD%E0%B8%87%E0%B8%A3%E0%B8%9A%E0%B8%9B%E0%B8%A3%E0%B8%B0%E0%B8%97%E0%B8%B2%E0%B8%99%E0%B8%AD%E0%B8%B2%E0%B8%AB%E0%B8%B2%E0%B8%A3/%E0%B9%80%E0%B8%84%E0%B8%A3%E0%B8%AD%E0%B8%87%E0%B8%84%E0%B8%A3%E0%B8%A7/,"false"
https://iprice.vn/asus/core/,12/9/2018,https://iprice.ph/asus/core/,"false"
https://iprice.vn/kai/van-phong-pham/,12/9/2018,https://iprice.ph/kai/stationery/,"false"
https://iprice.vn/lacoste/quan-ao/nu/quan-dai/,12/9/2018,https://iprice.ph/lacoste/clothing/women/pants/,"false"
https://iprice.vn/warm/quan-ao/the-thao/ao/,12/9/2018,https://iprice.ph/warm/clothing/sportswear/jersey/,"true"
https://iprice.vn/asus/core/,12/9/2018,https://iprice.my/asus/core/,"false"
https://iprice.vn/lacoste/quan-ao/nu/quan-dai/,12/9/2018,https://iprice.my/lacoste/clothing/women/pants/,"false"
https://iprice.vn/quan-ao/nam/do-lot/do-lot-nu/,12/9/2018,https://iprice.my/clothing/men/underwear/lingerie/,"false"
https://iprice.vn/asus/core/,12/9/2018,https://iprice.sg/asus/core/,"false"
https://iprice.vn/donlim/do-gia-dung/may-pha-ca-phe/,12/9/2018,https://iprice.sg/donlim/appliances/coffee-machines/,"false"
https://iprice.vn/sony/alpha/may-anh/phu-kien/,12/9/2018,https://iprice.sg/sony/alpha/camera-photo/accessories/,"false"
https://iprice.vn/ottie/,12/8/2018,https://iprice.co.id/ottie/,"false"
https://iprice.vn/tevise/nam/,12/8/2018,https://iprice.co.id/tevise/pria/,"false"
https://iprice.vn/amart/quan-ao/do-lot/do-lot-nu/,12/8/2018,https://ipricethailand.com/amart/%E0%B9%80%E0%B8%84%E0%B8%A3%E0%B8%AD%E0%B8%87%E0%B9%81%E0%B8%95%E0%B8%87%E0%B8%81%E0%B8%B2%E0%B8%A2/%E0%B8%8A%E0%B8%94%E0%B8%8A%E0%B8%99%E0%B9%83%E0%B8%99/%E0%B8%AA%E0%B8%95%E0%B8%A3/,"false"
https://iprice.vn/eucerin/cham-soc-da/nu/,12/8/2018,https://ipricethailand.com/eucerin/%E0%B8%9C%E0%B8%A5%E0%B8%95%E0%B8%A0%E0%B8%93%E0%B8%91%E0%B8%94%E0%B9%81%E0%B8%A5%E0%B8%9C%E0%B8%A7/%E0%B8%9C%E0%B8%AB%E0%B8%8D%E0%B8%87/,"false"
https://iprice.vn/amart/quan-ao/do-boi/quan-di-bien/,12/8/2018,https://iprice.ph/amart/clothing/swimwear/shorts/,"true"
https://iprice.vn/tevise/nam/,12/8/2018,https://iprice.ph/tevise/men/,"false"
https://iprice.vn/ottie/,12/8/2018,https://iprice.my/ottie/,"false"
https://iprice.vn/ottie/,12/8/2018,https://iprice.sg/ottie/,"false"
https://iprice.vn/tevise/nam/,12/8/2018,https://iprice.sg/tevise/men/,"false"
https://iprice.vn/balenciaga/quan-ao/nam/do-lot/vo/,12/7/2018,https://iprice.co.id/balenciaga/pakaian/pria/dalam/kaos-kaki/,"false"
https://iprice.vn/curel/cham-soc-da/mat/duong-am/,12/7/2018,https://iprice.co.id/curel/perawatan-kulit/wajah/pelembab/,"true"
https://iprice.vn/custom-t-shirt/quan-ao/ao/,12/7/2018,https://iprice.co.id/custom-t-shirt/pakaian/atasan/,"false"
https://iprice.vn/fendi/quan-ao/do-lot/vo/,12/7/2018,https://iprice.co.id/fendi/pakaian/dalam/kaos-kaki/,"false"
https://iprice.vn/ferrari/cham-soc-mat/,12/7/2018,https://iprice.co.id/ferrari/perawatan-mata/,"false"
https://iprice.vn/hasbro/do-choi/nhan-vat/mo-hinh-nhan-vat-mini/,12/7/2018,https://iprice.co.id/hasbro/mainan/action-figure/mini/,"false"
https://iprice.vn/innisfree/trang-diem/phu-kien/bot-bien/,12/7/2018,https://iprice.co.id/innisfree/makeup/aksesoris/spons-bedak/,"true"
https://iprice.vn/my-little-pony/giay-dep/,12/7/2018,https://iprice.co.id/my-little-pony/sepatu/,"false"
https://iprice.vn/other/giay-dep/the-thao/,12/7/2018,https://iprice.co.id/other/sepatu/olahraga/,"false"
https://iprice.vn/siketu/giay-dep/cao-got-de-xuong/,12/7/2018,https://iprice.co.id/siketu/sepatu/wedges/,"false"
https://iprice.vn/star-wars/giay-dep/giay-sneaker/,12/7/2018,https://iprice.co.id/star-wars/sepatu/sneaker/,"false"
https://iprice.vn/tonymoly/trang-diem/phu-kien/co/,12/7/2018,https://iprice.co.id/tonymoly/makeup/aksesoris/kuas/,"false"
https://iprice.vn/urban-preview/giay-dep/the-thao/chay-bo/,12/7/2018,https://iprice.co.id/urban-preview/sepatu/olahraga/lari/,"false"
https://iprice.vn/xiaolingjing/,12/7/2018,https://iprice.co.id/xiaolingjing/,"false"
https://iprice.vn/z-man-games/,12/7/2018,https://iprice.co.id/z-man-games/,"false"
https://iprice.vn/balenciaga/quan-ao/nam/do-lot/vo/,12/7/2018,https://ipricethailand.com/balenciaga/%E0%B9%80%E0%B8%84%E0%B8%A3%E0%B8%AD%E0%B8%87%E0%B9%81%E0%B8%95%E0%B8%87%E0%B8%81%E0%B8%B2%E0%B8%A2/%E0%B8%9C%E0%B8%8A%E0%B8%B2%E0%B8%A2/%E0%B8%8A%E0%B8%94%E0%B8%8A%E0%B8%99%E0%B9%83%E0%B8%99/%E0%B8%96%E0%B8%87%E0%B9%80%E0%B8%97%E0%B8%B2/,"false"
https://iprice.vn/curel/cham-soc-da/mat/duong-am/,12/7/2018,https://ipricethailand.com/curel/%E0%B8%9C%E0%B8%A5%E0%B8%95%E0%B8%A0%E0%B8%93%E0%B8%91%E0%B8%94%E0%B9%81%E0%B8%A5%E0%B8%9C%E0%B8%A7/%E0%B9%83%E0%B8%9A%E0%B8%AB%E0%B8%99%E0%B8%B2/%E0%B8%A1%E0%B8%AD%E0%B8%A2%E0%B8%8B%E0%B9%80%E0%B8%88%E0%B8%AD%E0%B9%84%E0%B8%A3%E0%B9%80%E0%B8%8B%E0%B8%AD%E0%B8%A3/,"true"
https://iprice.vn/custom-t-shirt/quan-ao/ao/,12/7/2018,https://ipricethailand.com/custom-t-shirt/%E0%B9%80%E0%B8%84%E0%B8%A3%E0%B8%AD%E0%B8%87%E0%B9%81%E0%B8%95%E0%B8%87%E0%B8%81%E0%B8%B2%E0%B8%A2/%E0%B9%80%E0%B8%AA%E0%B8%AD%E0%B8%95%E0%B8%A7%E0%B8%9A%E0%B8%99/,"false"
https://iprice.vn/estee-lauder/trang-diem/nu/moi/,12/7/2018,https://ipricethailand.com/estee-lauder/%E0%B9%80%E0%B8%84%E0%B8%A3%E0%B8%AD%E0%B8%87%E0%B8%AA%E0%B8%B3%E0%B8%AD%E0%B8%B2%E0%B8%87/%E0%B8%9C%E0%B8%AB%E0%B8%8D%E0%B8%87/%E0%B8%A5%E0%B8%9B/,"true"
https://iprice.vn/eucerin/nu/,12/7/2018,https://ipricethailand.com/eucerin/%E0%B8%9C%E0%B8%AB%E0%B8%8D%E0%B8%87/,"false"
https://iprice.vn/fendi/quan-ao/do-lot/vo/,12/7/2018,https://ipricethailand.com/fendi/%E0%B9%80%E0%B8%84%E0%B8%A3%E0%B8%AD%E0%B8%87%E0%B9%81%E0%B8%95%E0%B8%87%E0%B8%81%E0%B8%B2%E0%B8%A2/%E0%B8%8A%E0%B8%94%E0%B8%8A%E0%B8%99%E0%B9%83%E0%B8%99/%E0%B8%96%E0%B8%87%E0%B9%80%E0%B8%97%E0%B8%B2/,"false"
https://iprice.vn/k/giay-dep/xang-dan/,12/7/2018,https://ipricethailand.com/k/%E0%B8%A3%E0%B8%AD%E0%B8%87%E0%B9%80%E0%B8%97%E0%B8%B2/%E0%B8%A3%E0%B8%AD%E0%B8%87%E0%B9%80%E0%B8%97%E0%B8%B2%E0%B9%81%E0%B8%95%E0%B8%B0/,"false"
https://iprice.vn/oriental-princess/cham-soc-toc/tao-kieu/chai-xit/,12/7/2018,https://ipricethailand.com/oriental-princess/%E0%B8%9C%E0%B8%A5%E0%B8%95%E0%B8%A0%E0%B8%93%E0%B8%91%E0%B8%94%E0%B9%81%E0%B8%A5%E0%B9%80%E0%B8%AA%E0%B8%99%E0%B8%9C%E0%B8%A1/%E0%B8%88%E0%B8%94%E0%B9%81%E0%B8%95%E0%B8%87%E0%B8%97%E0%B8%A3%E0%B8%87%E0%B8%9C%E0%B8%A1/%E0%B8%AA%E0%B9%80%E0%B8%9B%E0%B8%A3%E0%B8%A2/,"false"
https://iprice.vn/pony/dien-thoai-may-tinh-bang/,12/7/2018,https://ipricethailand.com/pony/%E0%B9%82%E0%B8%97%E0%B8%A3%E0%B8%A8%E0%B8%9E%E0%B8%97%E0%B9%81%E0%B8%A5%E0%B8%B0%E0%B9%81%E0%B8%97%E0%B8%9A%E0%B9%80%E0%B8%A5%E0%B8%95/,"false"
https://iprice.vn/curel/cham-soc-da/mat/duong-am/,12/7/2018,https://iprice.ph/curel/skin-care/face/moisturizers/,"true"
https://iprice.vn/custom-t-shirt/quan-ao/ao/,12/7/2018,https://iprice.ph/custom-t-shirt/clothing/tops/,"false"
https://iprice.vn/fendi/quan-ao/do-lot/vo/,12/7/2018,https://iprice.ph/fendi/clothing/underwear/socks/,"false"
https://iprice.vn/kiss/quan-ao-tre-em/,12/7/2018,https://iprice.ph/kiss/kids-clothing/,"false"
https://iprice.vn/my-little-pony/giay-dep/,12/7/2018,https://iprice.ph/my-little-pony/shoes/,"false"
https://iprice.vn/siketu/giay-dep/cao-got-de-xuong/,12/7/2018,https://iprice.ph/siketu/shoes/wedges/,"false"
https://iprice.vn/urban-preview/giay-dep/the-thao/chay-bo/,12/7/2018,https://iprice.ph/urban-preview/shoes/sports/running/,"false"
https://iprice.vn/z-man-games/,12/7/2018,https://iprice.ph/z-man-games/,"false"
https://iprice.vn/curel/cham-soc-da/mat/duong-am/,12/7/2018,https://iprice.my/curel/skin-care/face/moisturizers/,"true"
https://iprice.vn/custom-t-shirt/quan-ao/ao/,12/7/2018,https://iprice.my/custom-t-shirt/clothing/tops/,"false"
https://iprice.vn/innisfree/trang-diem/phu-kien/bot-bien/,12/7/2018,https://iprice.my/innisfree/makeup/accessories/sponges/,"true"
https://iprice.vn/star-wars/giay-dep/giay-sneaker/,12/7/2018,https://iprice.my/star-wars/shoes/sneakers/,"false"
https://iprice.vn/tonymoly/trang-diem/phu-kien/co/,12/7/2018,https://iprice.my/tonymoly/makeup/accessories/brushes/,"false"
https://iprice.vn/eucerin/nu/,12/7/2018,https://iprice.sg/eucerin/women/,"false"
https://iprice.vn/tonymoly/trang-diem/phu-kien/co/,12/7/2018,https://iprice.sg/tonymoly/makeup/accessories/brushes/,"false"
https://iprice.vn/adidas/explosive/bounce/,12/6/2018,https://iprice.co.id/adidas/explosive/bounce/,"false"
https://iprice.vn/adidas/explosive/giay-dep/the-thao/,12/6/2018,https://iprice.co.id/adidas/explosive/sepatu/olahraga/,"false"
https://iprice.vn/adidas/neo/quan-ao/nam/ao-thun/,12/6/2018,https://iprice.co.id/adidas/neo/pakaian/pria/kaos/,"true"
https://iprice.vn/balenciaga/quan-ao/do-lot/vo/,12/6/2018,https://iprice.co.id/balenciaga/pakaian/dalam/kaos-kaki/,"false"
https://iprice.vn/dragon-ball-z/do-choi/,12/6/2018,https://iprice.co.id/dragon-ball-z/mainan/,"false"
https://iprice.vn/givenchy/quan-ao/nam/do-lot/vo/,12/6/2018,https://iprice.co.id/givenchy/pakaian/pria/dalam/kaos-kaki/,"false"
https://iprice.vn/matto/phong-ngu/giuong/,12/6/2018,https://iprice.co.id/matto/kamar-tidur/tempat-tidur/,"true"
https://iprice.vn/new/giay-dep/xang-dan/,12/6/2018,https://iprice.co.id/new/sepatu/sandal/,"false"
https://iprice.vn/reebok/quan-ao/do-lot/vo/,12/6/2018,https://iprice.co.id/reebok/pakaian/dalam/kaos-kaki/,"false"
https://iprice.vn/shiseido/suc-khoe/,12/6/2018,https://iprice.co.id/shiseido/kesehatan/,"true"
https://iprice.vn/adidas/explosive/bounce/,12/6/2018,https://ipricethailand.com/adidas/explosive/bounce/,"false"
https://iprice.vn/balenciaga/quan-ao/do-lot/vo/,12/6/2018,https://ipricethailand.com/balenciaga/%E0%B9%80%E0%B8%84%E0%B8%A3%E0%B8%AD%E0%B8%87%E0%B9%81%E0%B8%95%E0%B8%87%E0%B8%81%E0%B8%B2%E0%B8%A2/%E0%B8%8A%E0%B8%94%E0%B8%8A%E0%B8%99%E0%B9%83%E0%B8%99/%E0%B8%96%E0%B8%87%E0%B9%80%E0%B8%97%E0%B8%B2/,"false"
https://iprice.vn/barbie/quan-ao/vay/,12/6/2018,https://ipricethailand.com/barbie/%E0%B9%80%E0%B8%84%E0%B8%A3%E0%B8%AD%E0%B8%87%E0%B9%81%E0%B8%95%E0%B8%87%E0%B8%81%E0%B8%B2%E0%B8%A2/%E0%B8%81%E0%B8%A3%E0%B8%B0%E0%B9%82%E0%B8%9B%E0%B8%A3%E0%B8%87/,"false"
https://iprice.vn/givenchy/quan-ao/nam/do-lot/vo/,12/6/2018,https://ipricethailand.com/givenchy/%E0%B9%80%E0%B8%84%E0%B8%A3%E0%B8%AD%E0%B8%87%E0%B9%81%E0%B8%95%E0%B8%87%E0%B8%81%E0%B8%B2%E0%B8%A2/%E0%B8%9C%E0%B8%8A%E0%B8%B2%E0%B8%A2/%E0%B8%8A%E0%B8%94%E0%B8%8A%E0%B8%99%E0%B9%83%E0%B8%99/%E0%B8%96%E0%B8%87%E0%B9%80%E0%B8%97%E0%B8%B2/,"false"
https://iprice.vn/lacoste/quan-ao/nam/quan-dai/quan-tay/,12/6/2018,https://ipricethailand.com/lacoste/%E0%B9%80%E0%B8%84%E0%B8%A3%E0%B8%AD%E0%B8%87%E0%B9%81%E0%B8%95%E0%B8%87%E0%B8%81%E0%B8%B2%E0%B8%A2/%E0%B8%9C%E0%B8%8A%E0%B8%B2%E0%B8%A2/%E0%B8%81%E0%B8%B2%E0%B8%87%E0%B9%80%E0%B8%81%E0%B8%87/%E0%B8%82%E0%B8%B2%E0%B8%A2%E0%B8%B2%E0%B8%A7/,"true"
https://iprice.vn/oem-japan/tui/deo/,12/6/2018,https://ipricethailand.com/oem-japan/%E0%B8%81%E0%B8%A3%E0%B8%B0%E0%B9%80%E0%B8%9B%E0%B8%B2/%E0%B8%81%E0%B8%A3%E0%B8%B0%E0%B9%80%E0%B8%9B%E0%B8%B2%E0%B8%AA%E0%B8%B0%E0%B8%9E%E0%B8%B2%E0%B8%A2/,"false"
https://iprice.vn/reebok/insta-pump-fury/giay-dep/giay-sneaker/,12/6/2018,https://ipricethailand.com/reebok/insta-pump-fury/%E0%B8%A3%E0%B8%AD%E0%B8%87%E0%B9%80%E0%B8%97%E0%B8%B2/%E0%B8%A3%E0%B8%AD%E0%B8%87%E0%B9%80%E0%B8%97%E0%B8%B2%E0%B8%9C%E0%B8%B2%E0%B9%83%E0%B8%9A/,"false"
https://iprice.vn/reebok/quan-ao/do-lot/vo/,12/6/2018,https://ipricethailand.com/reebok/%E0%B9%80%E0%B8%84%E0%B8%A3%E0%B8%AD%E0%B8%87%E0%B9%81%E0%B8%95%E0%B8%87%E0%B8%81%E0%B8%B2%E0%B8%A2/%E0%B8%8A%E0%B8%94%E0%B8%8A%E0%B8%99%E0%B9%83%E0%B8%99/%E0%B8%96%E0%B8%87%E0%B9%80%E0%B8%97%E0%B8%B2/,"false"
https://iprice.vn/shiseido/suc-khoe/,12/6/2018,https://ipricethailand.com/shiseido/%E0%B8%AA%E0%B8%82%E0%B8%A0%E0%B8%B2%E0%B8%9E/,"true"
https://iprice.vn/xn/,12/6/2018,https://ipricethailand.com/xn/,"false"
https://iprice.vn/zh/tin-hoc/,12/6/2018,https://ipricethailand.com/zh/%E0%B8%AD%E0%B8%9B%E0%B8%81%E0%B8%A3%E0%B8%93%E0%B8%84%E0%B8%AD%E0%B8%A1%E0%B8%9E%E0%B8%A7%E0%B9%80%E0%B8%95%E0%B8%AD%E0%B8%A3/,"false"
https://iprice.vn/adidas/explosive/bounce/,12/6/2018,https://iprice.ph/adidas/explosive/bounce/,"false"
https://iprice.vn/adidas/explosive/giay-dep/the-thao/,12/6/2018,https://iprice.ph/adidas/explosive/shoes/sports/,"false"
https://iprice.vn/balenciaga/quan-ao/do-lot/vo/,12/6/2018,https://iprice.ph/balenciaga/clothing/underwear/socks/,"false"
https://iprice.vn/barbie/quan-ao/vay/,12/6/2018,https://iprice.ph/barbie/clothing/skirts/,"false"
https://iprice.vn/dragon-ball-z/do-choi/,12/6/2018,https://iprice.ph/dragon-ball-z/toys/,"false"
https://iprice.vn/lacoste/quan-ao/nam/quan-dai/quan-tay/,12/6/2018,https://iprice.ph/lacoste/clothing/men/pants/trousers/,"true"
https://iprice.vn/reebok/quan-ao/do-lot/vo/,12/6/2018,https://iprice.ph/reebok/clothing/underwear/socks/,"false"
https://iprice.vn/adidas/explosive/bounce/,12/6/2018,https://iprice.my/adidas/explosive/bounce/,"false"
https://iprice.vn/alice-olivia/quan-ao/nu/dam/maxi/,12/6/2018,https://iprice.my/alice-olivia/clothing/women/dresses/maxi/,"false"
https://iprice.vn/barbie/quan-ao/vay/,12/6/2018,https://iprice.my/barbie/clothing/skirts/,"false"
https://iprice.vn/dragon-ball-z/do-choi/,12/6/2018,https://iprice.my/dragon-ball-z/toys/,"false"
https://iprice.vn/reebok/insta-pump-fury/giay-dep/giay-sneaker/,12/6/2018,https://iprice.my/reebok/insta-pump-fury/shoes/sneakers/,"false"
https://iprice.vn/reebok/quan-ao/do-lot/vo/,12/6/2018,https://iprice.my/reebok/clothing/underwear/socks/,"false"
https://iprice.vn/xn/,12/6/2018,https://iprice.my/xn/,"false"
https://iprice.vn/adidas/explosive/bounce/,12/6/2018,https://iprice.sg/adidas/explosive/bounce/,"false"
https://iprice.vn/marc-jacobs/cham-soc-mat/nu/,12/6/2018,https://iprice.sg/marc-jacobs/eyecare/women/,"true"
https://iprice.vn/shiseido/suc-khoe/,12/6/2018,https://iprice.sg/shiseido/health/,"true"
https://iprice.vn/xn/,12/6/2018,https://iprice.sg/xn/,"false"
https://iprice.vn/adidas/explosive/bounce/,12/6/2018,https://iprice.hk/adidas/explosive/bounce/,"false"
https://iprice.vn/adidas/dien-thoai-may-tinh-bang/phu-kien/op-lung-mieng-dan/,12/5/2018,https://iprice.co.id/adidas/ponsel-tablet/aksesoris/sarung-penutup/,"false"
https://iprice.vn/castle/do-choi/xay-dung/,12/5/2018,https://iprice.co.id/castle/mainan/bangunan/,"false"
https://iprice.vn/clorox/ve-sinh-cho-be/,12/5/2018,https://iprice.co.id/clorox/popok/,"false"
https://iprice.vn/colorland/,12/5/2018,https://iprice.co.id/colorland/,"false"
https://iprice.vn/ellesse/quan-ao/ao-jacket/,12/5/2018,https://iprice.co.id/ellesse/pakaian/jaket/,"false"
https://iprice.vn/fear-of-god/quan-ao/quan-dai/,12/5/2018,https://iprice.co.id/fear-of-god/pakaian/celana/,"true"
https://iprice.vn/gumay/,12/5/2018,https://iprice.co.id/gumay/,"false"
https://iprice.vn/lancome/tui/,12/5/2018,https://iprice.co.id/lancome/tas/,"false"
https://iprice.vn/my-little-pony/do-choi/xep-hinh/,12/5/2018,https://iprice.co.id/my-little-pony/mainan/puzzle/,"false"
https://iprice.vn/oem-branding/van-phong-pham/,12/5/2018,https://iprice.co.id/oem-branding/stasioner/,"false"
https://iprice.vn/simple/giay-dep/nu/xang-dan/,12/5/2018,https://iprice.co.id/simple/sepatu/wanita/sandal/,"false"
https://iprice.vn/sunsky/do-choi/tro-choi-ngoai-troi/xe-mo-hinh-dieu-khien-tu-xa/,12/5/2018,https://iprice.co.id/sunsky/mainan/permainan-luar-ruangan/kendaraan-remote-control/,"false"
https://iprice.vn/vococal/do-choi/thu-cong/,12/5/2018,https://iprice.co.id/vococal/mainan/kerajinan-tangan/,"false"
https://iprice.vn/xiaomi/phong-ngu/goi/ke-co/,12/5/2018,https://iprice.co.id/xiaomi/kamar-tidur/bantal/leher/,"true"
https://iprice.vn/bowa/tui/,12/5/2018,https://ipricethailand.com/bowa/%E0%B8%81%E0%B8%A3%E0%B8%B0%E0%B9%80%E0%B8%9B%E0%B8%B2/,"false"
https://iprice.vn/colorland/,12/5/2018,https://ipricethailand.com/colorland/,"false"
https://iprice.vn/crocs/kinsale/giay-dep/giay-sneaker/,12/5/2018,https://ipricethailand.com/crocs/kinsale/%E0%B8%A3%E0%B8%AD%E0%B8%87%E0%B9%80%E0%B8%97%E0%B8%B2/%E0%B8%A3%E0%B8%AD%E0%B8%87%E0%B9%80%E0%B8%97%E0%B8%B2%E0%B8%9C%E0%B8%B2%E0%B9%83%E0%B8%9A/,"false"
https://iprice.vn/ellesse/quan-ao/ao-jacket/,12/5/2018,https://ipricethailand.com/ellesse/%E0%B9%80%E0%B8%84%E0%B8%A3%E0%B8%AD%E0%B8%87%E0%B9%81%E0%B8%95%E0%B8%87%E0%B8%81%E0%B8%B2%E0%B8%A2/%E0%B9%81%E0%B8%88%E0%B8%84%E0%B9%80%E0%B8%81%E0%B8%95/,"false"
https://iprice.vn/fantastic-flower/quan-ao/quan-dai/quan-tay/,12/5/2018,https://ipricethailand.com/fantastic-flower/%E0%B9%80%E0%B8%84%E0%B8%A3%E0%B8%AD%E0%B8%87%E0%B9%81%E0%B8%95%E0%B8%87%E0%B8%81%E0%B8%B2%E0%B8%A2/%E0%B8%81%E0%B8%B2%E0%B8%87%E0%B9%80%E0%B8%81%E0%B8%87/%E0%B8%82%E0%B8%B2%E0%B8%A2%E0%B8%B2%E0%B8%A7/,"false"
https://iprice.vn/fear-of-god/quan-ao/quan-dai/,12/5/2018,https://ipricethailand.com/fear-of-god/%E0%B9%80%E0%B8%84%E0%B8%A3%E0%B8%AD%E0%B8%87%E0%B9%81%E0%B8%95%E0%B8%87%E0%B8%81%E0%B8%B2%E0%B8%A2/%E0%B8%81%E0%B8%B2%E0%B8%87%E0%B9%80%E0%B8%81%E0%B8%87/,"true"
https://iprice.vn/gumay/,12/5/2018,https://ipricethailand.com/gumay/,"false"
https://iprice.vn/hequ/quan-ao/do-lot/ao-lot/,12/5/2018,https://ipricethailand.com/hequ/%E0%B9%80%E0%B8%84%E0%B8%A3%E0%B8%AD%E0%B8%87%E0%B9%81%E0%B8%95%E0%B8%87%E0%B8%81%E0%B8%B2%E0%B8%A2/%E0%B8%8A%E0%B8%94%E0%B8%8A%E0%B8%99%E0%B9%83%E0%B8%99/%E0%B9%80%E0%B8%AA%E0%B8%AD%E0%B8%8A%E0%B8%99%E0%B9%83%E0%B8%99/,"false"
https://iprice.vn/hequ/quan-ao/the-thao/do-bo/,12/5/2018,https://ipricethailand.com/hequ/%E0%B9%80%E0%B8%84%E0%B8%A3%E0%B8%AD%E0%B8%87%E0%B9%81%E0%B8%95%E0%B8%87%E0%B8%81%E0%B8%B2%E0%B8%A2/%E0%B8%8A%E0%B8%94%E0%B8%81%E0%B8%AC%E0%B8%B2/%E0%B8%8A%E0%B8%94%E0%B8%A7%E0%B8%AD%E0%B8%A3%E0%B8%A1/,"true"
https://iprice.vn/lancome/tui/,12/5/2018,https://ipricethailand.com/lancome/%E0%B8%81%E0%B8%A3%E0%B8%B0%E0%B9%80%E0%B8%9B%E0%B8%B2/,"false"
https://iprice.vn/lazada/dien-thoai-may-tinh-bang/,12/5/2018,https://ipricethailand.com/lazada/%E0%B9%82%E0%B8%97%E0%B8%A3%E0%B8%A8%E0%B8%9E%E0%B8%97%E0%B9%81%E0%B8%A5%E0%B8%B0%E0%B9%81%E0%B8%97%E0%B8%9A%E0%B9%80%E0%B8%A5%E0%B8%95/,"false"
https://iprice.vn/miracle-shining/dien-thoai-may-tinh-bang/phu-kien/mieng-bao-ve-man-hinh/,12/5/2018,https://ipricethailand.com/miracle-shining/%E0%B9%82%E0%B8%97%E0%B8%A3%E0%B8%A8%E0%B8%9E%E0%B8%97%E0%B9%81%E0%B8%A5%E0%B8%B0%E0%B9%81%E0%B8%97%E0%B8%9A%E0%B9%80%E0%B8%A5%E0%B8%95/%E0%B8%AD%E0%B8%9B%E0%B8%81%E0%B8%A3%E0%B8%93%E0%B9%80%E0%B8%AA%E0%B8%A3%E0%B8%A1/%E0%B8%9F%E0%B8%A5%E0%B8%A1%E0%B8%81%E0%B8%99%E0%B8%A3%E0%B8%AD%E0%B8%A2/,"false"
https://iprice.vn/nature-hike/trang-diem/,12/5/2018,https://ipricethailand.com/nature-hike/%E0%B9%80%E0%B8%84%E0%B8%A3%E0%B8%AD%E0%B8%87%E0%B8%AA%E0%B8%B3%E0%B8%AD%E0%B8%B2%E0%B8%87/,"false"
https://iprice.vn/oem-branding/van-phong-pham/,12/5/2018,https://ipricethailand.com/oem-branding/%E0%B9%80%E0%B8%84%E0%B8%A3%E0%B8%AD%E0%B8%87%E0%B9%80%E0%B8%82%E0%B8%A2%E0%B8%99/,"false"
https://iprice.vn/omg/trang-suc/vong-deo-tay/,12/5/2018,https://ipricethailand.com/omg/%E0%B9%80%E0%B8%84%E0%B8%A3%E0%B8%AD%E0%B8%87%E0%B8%9B%E0%B8%A3%E0%B8%B0%E0%B8%94%E0%B8%9A/%E0%B8%AA%E0%B8%A3%E0%B8%AD%E0%B8%A2%E0%B8%82%E0%B8%AD%E0%B8%A1%E0%B8%AD/,"true"
https://iprice.vn/sciolto-sports/quan-ao/the-thao/,12/5/2018,https://ipricethailand.com/sciolto-sports/%E0%B9%80%E0%B8%84%E0%B8%A3%E0%B8%AD%E0%B8%87%E0%B9%81%E0%B8%95%E0%B8%87%E0%B8%81%E0%B8%B2%E0%B8%A2/%E0%B8%8A%E0%B8%94%E0%B8%81%E0%B8%AC%E0%B8%B2/,"false"
https://iprice.vn/zh/quan-ao/do-lot/ao-lot/,12/5/2018,https://ipricethailand.com/zh/%E0%B9%80%E0%B8%84%E0%B8%A3%E0%B8%AD%E0%B8%87%E0%B9%81%E0%B8%95%E0%B8%87%E0%B8%81%E0%B8%B2%E0%B8%A2/%E0%B8%8A%E0%B8%94%E0%B8%8A%E0%B8%99%E0%B9%83%E0%B8%99/%E0%B9%80%E0%B8%AA%E0%B8%AD%E0%B8%8A%E0%B8%99%E0%B9%83%E0%B8%99/,"false"
https://iprice.vn/avene/cham-soc-da/nu/,12/5/2018,https://iprice.ph/avene/skin-care/women/,"false"
https://iprice.vn/clorox/ve-sinh-cho-be/,12/5/2018,https://iprice.ph/clorox/diapering/,"false"
https://iprice.vn/colorland/,12/5/2018,https://iprice.ph/colorland/,"false"
https://iprice.vn/ellesse/quan-ao/ao-jacket/,12/5/2018,https://iprice.ph/ellesse/clothing/jackets/,"false"
https://iprice.vn/gumay/,12/5/2018,https://iprice.ph/gumay/,"false"
https://iprice.vn/miracle-shining/dien-thoai-may-tinh-bang/phu-kien/mieng-bao-ve-man-hinh/,12/5/2018,https://iprice.ph/miracle-shining/phones-tablets/accessories/screen-protectors/,"false"
https://iprice.vn/my-little-pony/do-choi/xep-hinh/,12/5/2018,https://iprice.ph/my-little-pony/toys/puzzle/,"false"
https://iprice.vn/oem-branding/van-phong-pham/,12/5/2018,https://iprice.ph/oem-branding/stationery/,"false"
https://iprice.vn/toscana/,12/5/2018,https://iprice.ph/toscana/,"false"
https://iprice.vn/adidas/dien-thoai-may-tinh-bang/phu-kien/op-lung-mieng-dan/,12/5/2018,https://iprice.my/adidas/phones-tablets/accessories/cases-covers/,"false"
https://iprice.vn/avene/cham-soc-da/nu/,12/5/2018,https://iprice.my/avene/skin-care/women/,"false"
https://iprice.vn/bowa/tui/,12/5/2018,https://iprice.my/bowa/bags/,"false"
https://iprice.vn/colorland/,12/5/2018,https://iprice.my/colorland/,"false"
https://iprice.vn/crocs/kinsale/giay-dep/giay-sneaker/,12/5/2018,https://iprice.my/crocs/kinsale/shoes/sneakers/,"false"
https://iprice.vn/ellesse/quan-ao/ao-jacket/,12/5/2018,https://iprice.my/ellesse/clothing/jackets/,"false"
https://iprice.vn/fear-of-god/quan-ao/quan-dai/,12/5/2018,https://iprice.my/fear-of-god/clothing/pants/,"true"
https://iprice.vn/gumay/,12/5/2018,https://iprice.my/gumay/,"false"
https://iprice.vn/lancome/tui/,12/5/2018,https://iprice.my/lancome/bags/,"false"
https://iprice.vn/miracle-shining/dien-thoai-may-tinh-bang/phu-kien/mieng-bao-ve-man-hinh/,12/5/2018,https://iprice.my/miracle-shining/phones-tablets/accessories/screen-protectors/,"false"
https://iprice.vn/oem-korea/trang-suc/,12/5/2018,https://iprice.my/oem-korea/jewellery/,"false"
https://iprice.vn/sciolto-sports/quan-ao/the-thao/,12/5/2018,https://iprice.my/sciolto-sports/clothing/sportswear/,"false"
https://iprice.vn/urban-preview/giay-dep/the-thao/bong-ro/,12/5/2018,https://iprice.my/urban-preview/shoes/sports/basketball/,"false"
https://iprice.vn/colorland/,12/5/2018,https://iprice.sg/colorland/,"false"
https://iprice.vn/hequ/quan-ao/do-lot/ao-lot/,12/5/2018,https://iprice.sg/hequ/clothing/underwear/bras/,"false"
https://iprice.vn/miracle-shining/dien-thoai-may-tinh-bang/phu-kien/mieng-bao-ve-man-hinh/,12/5/2018,https://iprice.sg/miracle-shining/phones-tablets/accessories/screen-protectors/,"false"
https://iprice.vn/my-little-pony/do-choi/xep-hinh/,12/5/2018,https://iprice.sg/my-little-pony/toys/puzzle/,"false"
https://iprice.vn/nature-hike/trang-diem/,12/5/2018,https://iprice.sg/nature-hike/makeup/,"false"
https://iprice.vn/vococal/do-choi/thu-cong/,12/5/2018,https://iprice.sg/vococal/toys/crafts/,"false"
https://iprice.vn/fear-of-god/quan-ao/quan-dai/,12/5/2018,https://iprice.hk/fear-of-god/clothing/pants/,"true"
https://iprice.vn/alto/quan-ao/,12/4/2018,https://iprice.co.id/alto/pakaian/,"true"
https://iprice.vn/innisfree/san-pham-tam-cham-soc-co-the/san-pham-tam/,12/4/2018,https://iprice.co.id/innisfree/perlengkapan-mandi-tubuh/sabun-mandi-sampo/,"true"
https://iprice.vn/jubaoli/dong-ho/kieu-truyen-thong/,12/4/2018,https://iprice.co.id/jubaoli/jam-tangan/analog/,"false"
https://iprice.vn/mak/dong-ho/,12/4/2018,https://iprice.co.id/mak/jam-tangan/,"false"
https://iprice.vn/crocs/giay-dep/nu/giay-tre-em/,12/4/2018,https://ipricethailand.com/crocs/%E0%B8%A3%E0%B8%AD%E0%B8%87%E0%B9%80%E0%B8%97%E0%B8%B2/%E0%B8%9C%E0%B8%AB%E0%B8%8D%E0%B8%87/%E0%B8%AA%E0%B8%B3%E0%B8%AB%E0%B8%A3%E0%B8%9A%E0%B9%80%E0%B8%94%E0%B8%81/,"false"
https://iprice.vn/innisfree/san-pham-tam-cham-soc-co-the/san-pham-tam/,12/4/2018,https://ipricethailand.com/innisfree/%E0%B8%9C%E0%B8%A5%E0%B8%95%E0%B8%A0%E0%B8%93%E0%B8%91%E0%B8%94%E0%B9%81%E0%B8%A5%E0%B9%81%E0%B8%A5%E0%B8%B0%E0%B8%97%E0%B8%B3%E0%B8%84%E0%B8%A7%E0%B8%B2%E0%B8%A1%E0%B8%AA%E0%B8%B0%E0%B8%AD%E0%B8%B2%E0%B8%94%E0%B8%9C%E0%B8%A7%E0%B8%81%E0%B8%B2%E0%B8%A2/%E0%B8%AD%E0%B8%B2%E0%B8%9A%E0%B8%99%E0%B8%B3/,"true"
https://iprice.vn/mak/dong-ho/,12/4/2018,https://ipricethailand.com/mak/%E0%B8%99%E0%B8%B2%E0%B8%AC%E0%B8%81%E0%B8%B2%E0%B8%82%E0%B8%AD%E0%B8%A1%E0%B8%AD/,"false"
https://iprice.vn/rs-taichi/,12/4/2018,https://ipricethailand.com/rs-taichi/,"false"
https://iprice.vn/eaoron/cham-soc-da/,12/4/2018,https://iprice.ph/eaoron/skin-care/,"false"
https://iprice.vn/innisfree/san-pham-tam-cham-soc-co-the/san-pham-tam/,12/4/2018,https://iprice.ph/innisfree/bath-body/shower/,"true"
https://iprice.vn/jubaoli/dong-ho/kieu-truyen-thong/,12/4/2018,https://iprice.ph/jubaoli/watches/analogue/,"false"
https://iprice.vn/rs-taichi/,12/4/2018,https://iprice.ph/rs-taichi/,"false"
https://iprice.vn/eaoron/cham-soc-da/,12/4/2018,https://iprice.my/eaoron/skin-care/,"false"
https://iprice.vn/innisfree/san-pham-tam-cham-soc-co-the/san-pham-tam/,12/4/2018,https://iprice.my/innisfree/bath-body/shower/,"true"
https://iprice.vn/innisfree/san-pham-tam-cham-soc-co-the/san-pham-tam/,12/4/2018,https://iprice.sg/innisfree/bath-body/shower/,"true"
https://iprice.vn/rs-taichi/,12/4/2018,https://iprice.sg/rs-taichi/,"false"
https://iprice.vn/adidas/neo/quan-ao/nu/ao-khoac-hoodies-ao-khoac-tay-dai/,12/3/2018,https://iprice.co.id/adidas/neo/pakaian/wanita/hoodie-dan-sweatshirt/,"true"
https://iprice.vn/dora/so-thich/,12/3/2018,https://iprice.co.id/dora/hobi/,"true"
https://iprice.vn/dora/so-thich/,12/3/2018,https://iprice.ph/dora/hobbies/,"true"
https://iprice.vn/dora/so-thich/,12/3/2018,https://iprice.my/dora/hobbies/,"true"
https://iprice.vn/lotte/quan-ao/,12/1/2018,https://ipricethailand.com/lotte/%E0%B9%80%E0%B8%84%E0%B8%A3%E0%B8%AD%E0%B8%87%E0%B9%81%E0%B8%95%E0%B8%87%E0%B8%81%E0%B8%B2%E0%B8%A2/,"false"
https://iprice.vn/lotte/quan-ao/,12/1/2018,https://iprice.ph/lotte/clothing/,"false"
https://iprice.vn/lotte/quan-ao/,12/1/2018,https://iprice.my/lotte/clothing/,"false"
https://iprice.vn/gosport/cham-soc-rang-mieng/,11/29/18,https://iprice.ph/gosport/dental-care/,"false"
https://iprice.vn/gosport/cham-soc-rang-mieng/,11/29/18,https://iprice.my/gosport/dental-care/,"false"
https://iprice.vn/gosport/cham-soc-rang-mieng/,11/29/18,https://iprice.sg/gosport/dental-care/,"false"
https://iprice.vn/alc/quan-ao/ao-jacket/,11/27/18,https://ipricethailand.com/alc/%E0%B9%80%E0%B8%84%E0%B8%A3%E0%B8%AD%E0%B8%87%E0%B9%81%E0%B8%95%E0%B8%87%E0%B8%81%E0%B8%B2%E0%B8%A2/%E0%B9%81%E0%B8%88%E0%B8%84%E0%B9%80%E0%B8%81%E0%B8%95/,"true"
https://iprice.vn/alc/quan-ao/ao-jacket/,11/27/18,https://iprice.ph/alc/clothing/jackets/,"true"
https://iprice.vn/alc/quan-ao/ao-jacket/,11/27/18,https://iprice.sg/alc/clothing/jackets/,"true"
https://iprice.vn/alc/quan-ao/ao-jacket/,11/27/18,https://iprice.hk/alc/clothing/jackets/,"true"
https://iprice.vn/anta/tui/,11/25/18,https://iprice.co.id/anta/tas/,"false"
https://iprice.vn/adidas/superstar/quan-ao/ao-jacket/,11/25/18,https://ipricethailand.com/adidas/superstar/%E0%B9%80%E0%B8%84%E0%B8%A3%E0%B8%AD%E0%B8%87%E0%B9%81%E0%B8%95%E0%B8%87%E0%B8%81%E0%B8%B2%E0%B8%A2/%E0%B9%81%E0%B8%88%E0%B8%84%E0%B9%80%E0%B8%81%E0%B8%95/,"false"
https://iprice.vn/anta/tui/,11/25/18,https://ipricethailand.com/anta/%E0%B8%81%E0%B8%A3%E0%B8%B0%E0%B9%80%E0%B8%9B%E0%B8%B2/,"false"
https://iprice.vn/deli/tin-hoc/thiet-bi-van-phong/,11/25/18,https://ipricethailand.com/deli/%E0%B8%AD%E0%B8%9B%E0%B8%81%E0%B8%A3%E0%B8%93%E0%B8%84%E0%B8%AD%E0%B8%A1%E0%B8%9E%E0%B8%A7%E0%B9%80%E0%B8%95%E0%B8%AD%E0%B8%A3/%E0%B9%80%E0%B8%84%E0%B8%A3%E0%B8%AD%E0%B8%87%E0%B9%83%E0%B8%8A%E0%B8%AA%E0%B8%B3%E0%B8%99%E0%B8%81%E0%B8%87%E0%B8%B2%E0%B8%99/,"true"
https://iprice.vn/anta/tui/,11/25/18,https://iprice.ph/anta/bags/,"false"
https://iprice.vn/deli/tin-hoc/thiet-bi-van-phong/,11/25/18,https://iprice.ph/deli/computing/office-supplies/,"true"
https://iprice.vn/adidas/superstar/quan-ao/ao-jacket/,11/25/18,https://iprice.my/adidas/superstar/clothing/jackets/,"false"
https://iprice.vn/anta/tui/,11/25/18,https://iprice.my/anta/bags/,"false"
https://iprice.vn/deli/tin-hoc/thiet-bi-van-phong/,11/25/18,https://iprice.my/deli/computing/office-supplies/,"true"
https://iprice.vn/adidas/superstar/quan-ao/ao-jacket/,11/25/18,https://iprice.sg/adidas/superstar/clothing/jackets/,"false"
https://iprice.vn/anta/tui/,11/25/18,https://iprice.sg/anta/bags/,"false"
https://iprice.vn/adidas/superstar/quan-ao/ao-jacket/,11/25/18,https://iprice.hk/adidas/superstar/clothing/jackets/,"false"
https://iprice.vn/bluelans/vat-nuoi/cho-canh/,11/24/18,https://iprice.co.id/bluelans/perlengkapan-hewan-peliharaan/anjing/,"true"
https://iprice.vn/como/tui/,11/24/18,https://iprice.co.id/como/tas/,"false"
https://iprice.vn/dragon-ball/so-thich/sach/,11/24/18,https://iprice.co.id/dragon-ball/hobi/buku/,"true"
https://iprice.vn/era-won/quan-ao/nam/quan-dai/,11/24/18,https://ipricethailand.com/era-won/%E0%B9%80%E0%B8%84%E0%B8%A3%E0%B8%AD%E0%B8%87%E0%B9%81%E0%B8%95%E0%B8%87%E0%B8%81%E0%B8%B2%E0%B8%A2/%E0%B8%9C%E0%B8%8A%E0%B8%B2%E0%B8%A2/%E0%B8%81%E0%B8%B2%E0%B8%87%E0%B9%80%E0%B8%81%E0%B8%87/,"false"
https://iprice.vn/como/tui/,11/24/18,https://iprice.my/como/bags/,"false"
https://iprice.vn/golden-bear/quan-ao/ao-jacket/,11/23/18,https://iprice.co.id/golden-bear/pakaian/jaket/,"false"
https://iprice.vn/yeezy/quan-ao/do-lot/vo/,11/23/18,https://iprice.co.id/yeezy/pakaian/dalam/kaos-kaki/,"false"
https://iprice.vn/era-won/quan-ao/nam/ao-so-mi/,11/23/18,https://ipricethailand.com/era-won/%E0%B9%80%E0%B8%84%E0%B8%A3%E0%B8%AD%E0%B8%87%E0%B9%81%E0%B8%95%E0%B8%87%E0%B8%81%E0%B8%B2%E0%B8%A2/%E0%B8%9C%E0%B8%8A%E0%B8%B2%E0%B8%A2/%E0%B9%80%E0%B8%AA%E0%B8%AD/,"false"
https://iprice.vn/era-won/quan-ao/quan-dai/,11/23/18,https://ipricethailand.com/era-won/%E0%B9%80%E0%B8%84%E0%B8%A3%E0%B8%AD%E0%B8%87%E0%B9%81%E0%B8%95%E0%B8%87%E0%B8%81%E0%B8%B2%E0%B8%A2/%E0%B8%81%E0%B8%B2%E0%B8%87%E0%B9%80%E0%B8%81%E0%B8%87/,"false"
https://iprice.vn/yeezy/quan-ao/do-lot/vo/,11/23/18,https://ipricethailand.com/yeezy/%E0%B9%80%E0%B8%84%E0%B8%A3%E0%B8%AD%E0%B8%87%E0%B9%81%E0%B8%95%E0%B8%87%E0%B8%81%E0%B8%B2%E0%B8%A2/%E0%B8%8A%E0%B8%94%E0%B8%8A%E0%B8%99%E0%B9%83%E0%B8%99/%E0%B8%96%E0%B8%87%E0%B9%80%E0%B8%97%E0%B8%B2/,"false"
https://iprice.vn/golden-bear/quan-ao/ao-jacket/,11/23/18,https://iprice.ph/golden-bear/clothing/jackets/,"false"
https://iprice.vn/yeezy/quan-ao/do-lot/vo/,11/23/18,https://iprice.ph/yeezy/clothing/underwear/socks/,"false"
https://iprice.vn/yeezy/quan-ao/do-lot/vo/,11/23/18,https://iprice.my/yeezy/clothing/underwear/socks/,"false"
https://iprice.vn/lacoste/giay-dep/nu/xang-dan/,11/22/18,https://iprice.co.id/lacoste/sepatu/wanita/sandal/,"false"
https://iprice.vn/celine/giay-dep/cao-got/,11/22/18,https://ipricethailand.com/celine/%E0%B8%A3%E0%B8%AD%E0%B8%87%E0%B9%80%E0%B8%97%E0%B8%B2/%E0%B8%AA%E0%B8%99%E0%B8%AA%E0%B8%87/,"true"
https://iprice.vn/grisport/,11/22/18,https://ipricethailand.com/grisport/,"false"
https://iprice.vn/lacoste/giay-dep/nu/xang-dan/,11/22/18,https://iprice.ph/lacoste/shoes/women/sandals/,"false"
https://iprice.vn/adidas/ultraboost/uncaged/giay-dep/the-thao/chay-bo/,11/22/18,https://iprice.sg/adidas/ultraboost/uncaged/shoes/sports/running/,"true"
https://iprice.vn/reebok/hexaffect/giay-dep/nam/the-thao/,11/21/18,https://iprice.co.id/reebok/hexaffect/sepatu/pria/olahraga/,"false"
https://iprice.vn/xo/quan-ao/ao-so-mi/,11/21/18,https://ipricethailand.com/xo/%E0%B9%80%E0%B8%84%E0%B8%A3%E0%B8%AD%E0%B8%87%E0%B9%81%E0%B8%95%E0%B8%87%E0%B8%81%E0%B8%B2%E0%B8%A2/%E0%B9%80%E0%B8%AA%E0%B8%AD/,"false"
https://iprice.vn/reebok/hexaffect/giay-dep/nam/the-thao/,11/21/18,https://iprice.ph/reebok/hexaffect/shoes/men/sports/,"false"
https://iprice.vn/superdry/giay-dep/giay-sneaker/,11/20/18,https://iprice.co.id/superdry/sepatu/sneaker/,"false"
https://iprice.vn/pro/dung-cu-thiet-bi-gia-dinh/hang-may-mac/san-pham-giat-do/,11/20/18,https://ipricethailand.com/pro/%E0%B8%AD%E0%B8%9B%E0%B8%81%E0%B8%A3%E0%B8%93%E0%B8%97%E0%B8%B3%E0%B8%84%E0%B8%A7%E0%B8%B2%E0%B8%A1%E0%B8%AA%E0%B8%B0%E0%B8%AD%E0%B8%B2%E0%B8%94%E0%B8%9A%E0%B8%B2%E0%B8%99/%E0%B8%94%E0%B9%81%E0%B8%A5%E0%B9%80%E0%B8%AA%E0%B8%AD%E0%B8%9C%E0%B8%B2/%E0%B8%AD%E0%B8%9B%E0%B8%81%E0%B8%A3%E0%B8%93%E0%B8%8B%E0%B8%81%E0%B8%9C%E0%B8%B2/,"true"
https://iprice.vn/superdry/giay-dep/giay-sneaker/,11/20/18,https://iprice.ph/superdry/shoes/sneakers/,"false"
https://iprice.vn/estee-lauder/cham-soc-da/nu/mat/sua-rua-mat/,11/18/18,https://iprice.co.id/estee-lauder/perawatan-kulit/wanita/wajah/pembersih/,"true"
https://iprice.vn/reebok/quan-ao/nam/kinh-mat/,11/18/18,https://iprice.co.id/reebok/pakaian/pria/kacamata/,"false"
https://iprice.vn/estee-lauder/cham-soc-da/nu/mat/sua-rua-mat/,11/18/18,https://iprice.ph/estee-lauder/skin-care/women/face/cleansers/,"true"
https://iprice.vn/estee-lauder/cham-soc-da/nu/mat/sua-rua-mat/,11/18/18,https://iprice.my/estee-lauder/skin-care/women/face/cleansers/,"true"
https://iprice.vn/estee-lauder/cham-soc-da/nu/mat/sua-rua-mat/,11/18/18,https://iprice.sg/estee-lauder/skin-care/women/face/cleansers/,"true"
https://iprice.vn/estee-lauder/cham-soc-da/nu/mat/sua-rua-mat/,11/18/18,https://iprice.hk/estee-lauder/skin-care/women/face/cleansers/,"true"
https://iprice.vn/big-house/trang-tri-noi-that/goi-trang-tri/,11/17/18,https://iprice.co.id/big-house/dekorasi-rumah/bantal-sofa/,"true"
https://iprice.vn/prada/quan-ao/nu/khan-choang/,11/17/18,https://iprice.co.id/prada/pakaian/wanita/syal/,"false"
https://iprice.vn/protect/trang-tri-noi-that/,11/17/18,https://iprice.co.id/protect/dekorasi-rumah/,"true"
https://iprice.vn/adidas/court/quan-ao/ao-thun/,11/17/18,https://ipricethailand.com/adidas/court/%E0%B9%80%E0%B8%84%E0%B8%A3%E0%B8%AD%E0%B8%87%E0%B9%81%E0%B8%95%E0%B8%87%E0%B8%81%E0%B8%B2%E0%B8%A2/%E0%B9%80%E0%B8%AA%E0%B8%AD%E0%B8%A2%E0%B8%94/,"false"
https://iprice.vn/big-house/trang-tri-noi-that/goi-trang-tri/,11/17/18,https://ipricethailand.com/big-house/%E0%B8%82%E0%B8%AD%E0%B8%87%E0%B8%95%E0%B8%81%E0%B9%81%E0%B8%95%E0%B8%87%E0%B8%9A%E0%B8%B2%E0%B8%99/%E0%B8%AB%E0%B8%A1%E0%B8%AD%E0%B8%99%E0%B8%95%E0%B8%81%E0%B9%81%E0%B8%95%E0%B8%87%E0%B8%9A%E0%B8%B2%E0%B8%99/,"true"
https://iprice.vn/estee-lauder/trang-diem/nu/mat/ke-mat/,11/17/18,https://ipricethailand.com/estee-lauder/%E0%B9%80%E0%B8%84%E0%B8%A3%E0%B8%AD%E0%B8%87%E0%B8%AA%E0%B8%B3%E0%B8%AD%E0%B8%B2%E0%B8%87/%E0%B8%9C%E0%B8%AB%E0%B8%8D%E0%B8%87/%E0%B8%94%E0%B8%A7%E0%B8%87%E0%B8%95%E0%B8%B2/%E0%B8%AD%E0%B8%B2%E0%B8%A2%E0%B9%84%E0%B8%A5%E0%B9%80%E0%B8%99%E0%B8%AD%E0%B8%A3/,"true"
https://iprice.vn/fire-maple/bep-an/am-tra/,11/17/18,https://ipricethailand.com/fire-maple/%E0%B8%AB%E0%B8%AD%E0%B8%87%E0%B8%84%E0%B8%A3%E0%B8%A7%E0%B9%81%E0%B8%A5%E0%B8%B0%E0%B8%AB%E0%B8%AD%E0%B8%87%E0%B8%A3%E0%B8%9A%E0%B8%9B%E0%B8%A3%E0%B8%B0%E0%B8%97%E0%B8%B2%E0%B8%99%E0%B8%AD%E0%B8%B2%E0%B8%AB%E0%B8%B2%E0%B8%A3/%E0%B8%81%E0%B8%B2%E0%B8%95%E0%B8%A1%E0%B8%8A%E0%B8%B2/,"false"
https://iprice.vn/estee-lauder/trang-diem/nu/mat/ke-mat/,11/17/18,https://iprice.ph/estee-lauder/makeup/women/eyes/eyeliners/,"true"
https://iprice.vn/fire-maple/bep-an/am-tra/,11/17/18,https://iprice.ph/fire-maple/kitchen-dining/tea-pots/,"false"
https://iprice.vn/prada/quan-ao/nu/khan-choang/,11/17/18,https://iprice.ph/prada/clothing/women/scarves/,"false"
https://iprice.vn/como/tui/deo/,11/17/18,https://iprice.my/como/bags/sling/,"false"
https://iprice.vn/fire-maple/bep-an/am-tra/,11/17/18,https://iprice.my/fire-maple/kitchen-dining/tea-pots/,"false"
https://iprice.vn/big-house/trang-tri-noi-that/goi-trang-tri/,11/17/18,https://iprice.sg/big-house/home-decor/decorative-pillows/,"true"
https://iprice.vn/estee-lauder/trang-diem/nu/mat/ke-mat/,11/17/18,https://iprice.sg/estee-lauder/makeup/women/eyes/eyeliners/,"true"
https://iprice.vn/fire-maple/bep-an/am-tra/,11/17/18,https://iprice.sg/fire-maple/kitchen-dining/tea-pots/,"false"
https://iprice.vn/prada/quan-ao/nu/khan-choang/,11/17/18,https://iprice.hk/prada/clothing/women/scarves/,"false"
https://iprice.vn/luna/trang-diem/nu/,11/16/18,https://iprice.co.id/luna/makeup/wanita/,"false"
https://iprice.vn/kangaroo/cham-soc-mat/mat-kinh/,11/16/18,https://ipricethailand.com/kangaroo/%E0%B8%9C%E0%B8%A5%E0%B8%95%E0%B8%A0%E0%B8%93%E0%B8%91%E0%B8%AA%E0%B8%B3%E0%B8%AB%E0%B8%A3%E0%B8%9A%E0%B8%94%E0%B8%A7%E0%B8%87%E0%B8%95%E0%B8%B2/%E0%B9%81%E0%B8%A7%E0%B8%99%E0%B8%95%E0%B8%B2/,"false"
https://iprice.vn/luna/trang-diem/nu/,11/16/18,https://ipricethailand.com/luna/%E0%B9%80%E0%B8%84%E0%B8%A3%E0%B8%AD%E0%B8%87%E0%B8%AA%E0%B8%B3%E0%B8%AD%E0%B8%B2%E0%B8%87/%E0%B8%9C%E0%B8%AB%E0%B8%8D%E0%B8%87/,"false"
https://iprice.vn/luna/trang-diem/nu/,11/16/18,https://iprice.ph/luna/makeup/women/,"false"
https://iprice.vn/kangaroo/cham-soc-mat/mat-kinh/,11/16/18,https://iprice.my/kangaroo/eyecare/glasses/,"false"
https://iprice.vn/luna/trang-diem/nu/,11/16/18,https://iprice.my/luna/makeup/women/,"false"
https://iprice.vn/luna/trang-diem/nu/,11/16/18,https://iprice.sg/luna/makeup/women/,"false"
https://iprice.vn/luna/trang-diem/nu/,11/16/18,https://iprice.hk/luna/makeup/women/,"false"
https://iprice.vn/clear/giay-dep/giay-tre-em/,11/15/18,https://iprice.ph/clear/shoes/kids-and-baby/,"true"
https://iprice.vn/perricone-md/trang-diem/moi/son-moi/,11/10/2018,https://iprice.hk/perricone-md/makeup/lips/lipsticks/,"true"
https://iprice.vn/diy/quan-ao/ao-thun/co-chu-v/,11/9/2018,https://iprice.co.id/diy/pakaian/kaos/v-neck/,"false"
https://iprice.vn/diy/quan-ao/ao-thun/co-chu-v/,11/9/2018,https://iprice.ph/diy/clothing/t-shirts/v-neck/,"false"
https://iprice.vn/diy/quan-ao/ao-thun/co-chu-v/,11/9/2018,https://iprice.sg/diy/clothing/t-shirts/v-neck/,"false"
https://iprice.vn/hequ/quan-ao/ao-so-mi/soc/,11/7/2018,https://ipricethailand.com/hequ/%E0%B9%80%E0%B8%84%E0%B8%A3%E0%B8%AD%E0%B8%87%E0%B9%81%E0%B8%95%E0%B8%87%E0%B8%81%E0%B8%B2%E0%B8%A2/%E0%B9%80%E0%B8%AA%E0%B8%AD/%E0%B8%A5%E0%B8%B2%E0%B8%A2%E0%B8%AA%E0%B8%81%E0%B8%AD%E0%B8%95/,"false"
https://iprice.vn/polo/quan-ao/jeans/,11/5/2018,https://iprice.co.id/polo/pakaian/jeans/,"false"
https://iprice.vn/vinmax/bep-an/vat-dung-dung-do/,11/5/2018,https://ipricethailand.com/vinmax/%E0%B8%AB%E0%B8%AD%E0%B8%87%E0%B8%84%E0%B8%A3%E0%B8%A7%E0%B9%81%E0%B8%A5%E0%B8%B0%E0%B8%AB%E0%B8%AD%E0%B8%87%E0%B8%A3%E0%B8%9A%E0%B8%9B%E0%B8%A3%E0%B8%B0%E0%B8%97%E0%B8%B2%E0%B8%99%E0%B8%AD%E0%B8%B2%E0%B8%AB%E0%B8%B2%E0%B8%A3/%E0%B8%97%E0%B9%80%E0%B8%81%E0%B8%9A%E0%B8%AD%E0%B8%9B%E0%B8%81%E0%B8%A3%E0%B8%93%E0%B9%80%E0%B8%84%E0%B8%A3%E0%B8%AD%E0%B8%87%E0%B8%84%E0%B8%A3%E0%B8%A7/,"false"
https://iprice.vn/ecco/giay-dep/nam/co-cao/,11/5/2018,https://iprice.ph/ecco/shoes/men/boots/,"false"
https://iprice.vn/nike/kobe/vii/giay-dep/,11/5/2018,https://iprice.ph/nike/kobe/vii/shoes/,"true"
https://iprice.vn/ecco/giay-dep/nam/co-cao/,11/5/2018,https://iprice.sg/ecco/shoes/men/boots/,"false"
https://iprice.vn/loro-piana/quan-ao/khan-choang/,11/4/2018,https://iprice.co.id/loro-piana/pakaian/syal/,"false"
https://iprice.vn/morning/tui/tui-xach/,11/4/2018,https://iprice.co.id/morning/tas/tangan/,"true"
https://iprice.vn/sephora/trang-diem/phu-kien/dung-cu-bam-mi/,11/4/2018,https://iprice.co.id/sephora/makeup/aksesoris/pelentik-bulu-mata/,"false"
https://iprice.vn/veaglede/the-thao-da-ngoai/lan/,11/4/2018,https://iprice.co.id/veaglede/olahraga-rekreasi/scuba-diving/,"false"
https://iprice.vn/zeagoo/quan-ao/the-thao/ao-nguc/,11/4/2018,https://iprice.co.id/zeagoo/pakaian/olahraga/bra/,"false"
https://iprice.vn/fotga/may-anh/phu-kien/,11/4/2018,https://iprice.ph/fotga/camera-photo/accessories/,"false"
https://iprice.vn/loro-piana/quan-ao/khan-choang/,11/4/2018,https://iprice.ph/loro-piana/clothing/scarves/,"false"
https://iprice.vn/pdc/cham-soc-da/mat/mat-na/,11/4/2018,https://iprice.ph/pdc/skin-care/face/masks/,"false"
https://iprice.vn/butterfly/do-gia-dung/may-nuong-banh-mi/,11/4/2018,https://iprice.my/butterfly/appliances/toasters/,"true"
https://iprice.vn/loro-piana/quan-ao/khan-choang/,11/4/2018,https://iprice.my/loro-piana/clothing/scarves/,"false"
https://iprice.vn/pdc/cham-soc-da/mat/mat-na/,11/4/2018,https://iprice.sg/pdc/skin-care/face/masks/,"false"
https://iprice.vn/loro-piana/quan-ao/khan-choang/,11/4/2018,https://iprice.hk/loro-piana/clothing/scarves/,"false"
https://iprice.vn/avon/quan-ao/ao-polo/,11/3/2018,https://iprice.co.id/avon/pakaian/kemeja-polo/,"false"
https://iprice.vn/camel/the-thao-da-ngoai/cam-trai/tui-ngu/,11/3/2018,https://iprice.co.id/camel/olahraga-rekreasi/camping/kantong-tidur/,"false"
https://iprice.vn/como/tui/deo/tui-deo-cheo/,11/3/2018,https://iprice.co.id/como/tas/selempang/bahu/,"false"
https://iprice.vn/crocs/meleen/giay-dep/,11/3/2018,https://iprice.co.id/crocs/meleen/sepatu/,"true"
https://iprice.vn/lancaster/cham-soc-da/mat/,11/3/2018,https://iprice.co.id/lancaster/perawatan-kulit/wajah/,"true"
https://iprice.vn/oliver/quan-ao/ao-so-mi/,11/3/2018,https://iprice.co.id/oliver/pakaian/kemeja/,"false"
https://iprice.vn/sebamed/cham-soc-da/mat/duong-am/,11/3/2018,https://iprice.co.id/sebamed/perawatan-kulit/wajah/pelembab/,"true"
https://iprice.vn/weber/ngoai-that-san-vuon/lo-nuong-ngoai-troi/,11/3/2018,https://iprice.co.id/weber/perlengkapan-taman/pemanggang/,"true"
https://iprice.vn/yeezy/giay-dep/co-cao/giay-da/,11/3/2018,https://iprice.co.id/yeezy/sepatu/boot/kulit/,"true"
https://iprice.vn/camel/the-thao-da-ngoai/cam-trai/tui-ngu/,11/3/2018,https://ipricethailand.com/camel/%E0%B8%81%E0%B8%B2%E0%B8%A3%E0%B8%9C%E0%B8%88%E0%B8%8D%E0%B8%A0%E0%B8%A2/%E0%B9%81%E0%B8%84%E0%B8%A1%E0%B8%9B/%E0%B8%96%E0%B8%87%E0%B8%99%E0%B8%AD%E0%B8%99/,"false"
https://iprice.vn/como/tui/deo/tui-deo-cheo/,11/3/2018,https://ipricethailand.com/como/%E0%B8%81%E0%B8%A3%E0%B8%B0%E0%B9%80%E0%B8%9B%E0%B8%B2/%E0%B8%81%E0%B8%A3%E0%B8%B0%E0%B9%80%E0%B8%9B%E0%B8%B2%E0%B8%AA%E0%B8%B0%E0%B8%9E%E0%B8%B2%E0%B8%A2/%E0%B8%AA%E0%B8%B0%E0%B8%9E%E0%B8%B2%E0%B8%A2%E0%B9%84%E0%B8%AB%E0%B8%A5/,"false"
https://iprice.vn/cover-fx/trang-diem/mat/che-khuyet-diem/,11/3/2018,https://ipricethailand.com/cover-fx/%E0%B9%80%E0%B8%84%E0%B8%A3%E0%B8%AD%E0%B8%87%E0%B8%AA%E0%B8%B3%E0%B8%AD%E0%B8%B2%E0%B8%87/%E0%B9%83%E0%B8%9A%E0%B8%AB%E0%B8%99%E0%B8%B2/%E0%B8%84%E0%B8%AD%E0%B8%99%E0%B8%8B%E0%B8%A5%E0%B9%80%E0%B8%A5%E0%B8%AD%E0%B8%A3/,"true"
https://iprice.vn/crocs/meleen/giay-dep/,11/3/2018,https://ipricethailand.com/crocs/meleen/%E0%B8%A3%E0%B8%AD%E0%B8%87%E0%B9%80%E0%B8%97%E0%B8%B2/,"true"
https://iprice.vn/sebamed/cham-soc-da/mat/duong-am/,11/3/2018,https://ipricethailand.com/sebamed/%E0%B8%9C%E0%B8%A5%E0%B8%95%E0%B8%A0%E0%B8%93%E0%B8%91%E0%B8%94%E0%B9%81%E0%B8%A5%E0%B8%9C%E0%B8%A7/%E0%B9%83%E0%B8%9A%E0%B8%AB%E0%B8%99%E0%B8%B2/%E0%B8%A1%E0%B8%AD%E0%B8%A2%E0%B8%8B%E0%B9%80%E0%B8%88%E0%B8%AD%E0%B9%84%E0%B8%A3%E0%B9%80%E0%B8%8B%E0%B8%AD%E0%B8%A3/,"true"
https://iprice.vn/tianse/tin-hoc/phu-kien/hop-muc/,11/3/2018,https://ipricethailand.com/tianse/%E0%B8%AD%E0%B8%9B%E0%B8%81%E0%B8%A3%E0%B8%93%E0%B8%84%E0%B8%AD%E0%B8%A1%E0%B8%9E%E0%B8%A7%E0%B9%80%E0%B8%95%E0%B8%AD%E0%B8%A3/%E0%B8%AD%E0%B8%9B%E0%B8%81%E0%B8%A3%E0%B8%93%E0%B9%80%E0%B8%AA%E0%B8%A3%E0%B8%A1/%E0%B8%95%E0%B8%A5%E0%B8%9A%E0%B8%AB%E0%B8%A1%E0%B8%81/,"false"
https://iprice.vn/yeezy/giay-dep/co-cao/giay-da/,11/3/2018,https://ipricethailand.com/yeezy/%E0%B8%A3%E0%B8%AD%E0%B8%87%E0%B9%80%E0%B8%97%E0%B8%B2/%E0%B8%A3%E0%B8%AD%E0%B8%87%E0%B9%80%E0%B8%97%E0%B8%B2%E0%B8%9A%E0%B8%97/%E0%B8%AB%E0%B8%99%E0%B8%87/,"true"
https://iprice.vn/cover-fx/trang-diem/mat/che-khuyet-diem/,11/3/2018,https://iprice.ph/cover-fx/makeup/face/concealers/,"true"
https://iprice.vn/crocs/meleen/giay-dep/,11/3/2018,https://iprice.ph/crocs/meleen/shoes/,"true"
https://iprice.vn/lancaster/cham-soc-da/mat/,11/3/2018,https://iprice.ph/lancaster/skin-care/face/,"true"
https://iprice.vn/sebamed/cham-soc-da/mat/duong-am/,11/3/2018,https://iprice.ph/sebamed/skin-care/face/moisturizers/,"true"
https://iprice.vn/yeezy/giay-dep/co-cao/giay-da/,11/3/2018,https://iprice.ph/yeezy/shoes/boots/leather/,"true"
https://iprice.vn/avon/quan-ao/ao-polo/,11/3/2018,https://iprice.my/avon/clothing/polo-shirts/,"false"
https://iprice.vn/oliver/quan-ao/ao-so-mi/,11/3/2018,https://iprice.my/oliver/clothing/shirts/,"false"
https://iprice.vn/sebamed/cham-soc-da/mat/duong-am/,11/3/2018,https://iprice.my/sebamed/skin-care/face/moisturizers/,"true"
https://iprice.vn/tianse/tin-hoc/phu-kien/hop-muc/,11/3/2018,https://iprice.my/tianse/computing/accessories/ink-cartridges/,"false"
https://iprice.vn/yeezy/giay-dep/co-cao/giay-da/,11/3/2018,https://iprice.my/yeezy/shoes/boots/leather/,"true"
https://iprice.vn/crocs/meleen/giay-dep/,11/3/2018,https://iprice.sg/crocs/meleen/shoes/,"true"
https://iprice.vn/sebamed/cham-soc-da/mat/duong-am/,11/3/2018,https://iprice.sg/sebamed/skin-care/face/moisturizers/,"true"
https://iprice.vn/yeezy/giay-dep/co-cao/giay-da/,11/3/2018,https://iprice.hk/yeezy/shoes/boots/leather/,"true"
https://iprice.vn/aldo/trang-suc/nu/khuyen-tai/,11/2/2018,https://iprice.co.id/aldo/perhiasan/wanita/anting/,"false"
https://iprice.vn/boyy/tui/,11/2/2018,https://iprice.co.id/boyy/tas/,"true"
https://iprice.vn/mermaid/trang-tri-noi-that/goi-trang-tri/,11/2/2018,https://iprice.co.id/mermaid/dekorasi-rumah/bantal-sofa/,"false"
https://iprice.vn/mochi/quan-ao/nu/,11/2/2018,https://iprice.co.id/mochi/pakaian/wanita/,"false"
https://iprice.vn/pdc/cham-soc-da/mat/,11/2/2018,https://iprice.co.id/pdc/perawatan-kulit/wajah/,"false"
https://iprice.vn/velva-sheen/,11/2/2018,https://iprice.co.id/velva-sheen/,"true"
https://iprice.vn/boyy/tui/,11/2/2018,https://ipricethailand.com/boyy/%E0%B8%81%E0%B8%A3%E0%B8%B0%E0%B9%80%E0%B8%9B%E0%B8%B2/,"true"
https://iprice.vn/velva-sheen/,11/2/2018,https://ipricethailand.com/velva-sheen/,"true"
https://iprice.vn/abbott/thuc-pham-bo-sung/,11/2/2018,https://iprice.ph/abbott/supplements/,"false"
https://iprice.vn/aldo/quan-ao/nu/kinh-mat/,11/2/2018,https://iprice.ph/aldo/clothing/women/sunglasses/,"false"
https://iprice.vn/aubtec/tin-hoc/phan-cung/,11/2/2018,https://iprice.ph/aubtec/computing/hardware/,"false"
https://iprice.vn/bestek/do-gia-dung/may-hut-bui/cam-tay/,11/2/2018,https://iprice.ph/bestek/appliances/vacuum-cleaners/handheld/,"true"
https://iprice.vn/mermaid/trang-tri-noi-that/goi-trang-tri/,11/2/2018,https://iprice.ph/mermaid/home-decor/decorative-pillows/,"false"
https://iprice.vn/pdc/cham-soc-da/mat/,11/2/2018,https://iprice.ph/pdc/skin-care/face/,"false"
https://iprice.vn/velva-sheen/,11/2/2018,https://iprice.ph/velva-sheen/,"true"
https://iprice.vn/abbott/thuc-pham-bo-sung/,11/2/2018,https://iprice.my/abbott/supplements/,"false"
https://iprice.vn/aldo/quan-ao/nu/kinh-mat/,11/2/2018,https://iprice.my/aldo/clothing/women/sunglasses/,"false"
https://iprice.vn/bestek/do-gia-dung/may-hut-bui/cam-tay/,11/2/2018,https://iprice.my/bestek/appliances/vacuum-cleaners/handheld/,"true"
https://iprice.vn/pdc/cham-soc-da/mat/,11/2/2018,https://iprice.my/pdc/skin-care/face/,"false"
https://iprice.vn/aldo/quan-ao/nu/kinh-mat/,11/2/2018,https://iprice.sg/aldo/clothing/women/sunglasses/,"false"
https://iprice.vn/loungefly/do-choi/,11/2/2018,https://iprice.sg/loungefly/toys/,"true"
https://iprice.vn/pdc/cham-soc-da/mat/,11/2/2018,https://iprice.sg/pdc/skin-care/face/,"false"
https://iprice.vn/boyy/tui/,11/2/2018,https://iprice.hk/boyy/bags/,"true"
https://iprice.vn/pdc/cham-soc-da/mat/,11/2/2018,https://iprice.hk/pdc/skin-care/face/,"false"
https://iprice.vn/vince/quan-ao/nu/dam/cocktail/,11/2/2018,https://iprice.hk/vince/clothing/women/dresses/cocktail/,"true"
https://iprice.vn/continental/tin-hoc/,10/31/18,https://iprice.ph/continental/computing/,"true"
https://iprice.vn/mcc/trang-diem/mat/che-khuyet-diem/,10/30/18,https://iprice.co.id/mcc/makeup/wajah/concealer/,"true"
https://iprice.vn/rondaful/do-choi/nhan-vat/mo-hinh-nhan-vat-mini/,10/30/18,https://iprice.co.id/rondaful/mainan/action-figure/mini/,"true"
https://iprice.vn/mcc/trang-diem/mat/che-khuyet-diem/,10/30/18,https://iprice.ph/mcc/makeup/face/concealers/,"true"
https://iprice.vn/amio/,10/29/18,https://iprice.co.id/amio/,"false"
https://iprice.vn/herbalife/thuc-pham-bo-sung/thuc-pham-an-kieng/,10/29/18,https://iprice.co.id/herbalife/suplemen-makanan/diet/,"false"
https://iprice.vn/dr-martens/giay-dep/cao-got/,10/29/18,https://ipricethailand.com/dr-martens/%E0%B8%A3%E0%B8%AD%E0%B8%87%E0%B9%80%E0%B8%97%E0%B8%B2/%E0%B8%AA%E0%B8%99%E0%B8%AA%E0%B8%87/,"false"
https://iprice.vn/manta/,10/29/18,https://ipricethailand.com/manta/,"false"
https://iprice.vn/zaful/quan-ao/jumpsuits/,10/29/18,https://iprice.ph/zaful/clothing/jumpsuits/,"false"
https://iprice.vn/dr-martens/giay-dep/cao-got/,10/29/18,https://iprice.my/dr-martens/shoes/high-heels/,"false"
https://iprice.vn/zaful/quan-ao/jumpsuits/,10/29/18,https://iprice.my/zaful/clothing/jumpsuits/,"false"
https://iprice.vn/ahc/trang-diem/mat/,10/29/18,https://iprice.sg/ahc/makeup/eyes/,"false"
https://iprice.vn/tommy-jeans/quan-ao/nam/quan-dai/,10/28/18,https://iprice.co.id/tommy-jeans/pakaian/pria/celana/,"true"
https://iprice.vn/tommy-jeans/quan-ao/nam/quan-dai/,10/28/18,https://ipricethailand.com/tommy-jeans/%E0%B9%80%E0%B8%84%E0%B8%A3%E0%B8%AD%E0%B8%87%E0%B9%81%E0%B8%95%E0%B8%87%E0%B8%81%E0%B8%B2%E0%B8%A2/%E0%B8%9C%E0%B8%8A%E0%B8%B2%E0%B8%A2/%E0%B8%81%E0%B8%B2%E0%B8%87%E0%B9%80%E0%B8%81%E0%B8%87/,"true"
https://iprice.vn/tommy-jeans/quan-ao/nam/quan-dai/,10/28/18,https://iprice.sg/tommy-jeans/clothing/men/pants/,"true"
https://iprice.vn/j-lindeberg/quan-ao/ao-len/,10/26/18,https://iprice.co.id/j-lindeberg/pakaian/sweater/,"false"
https://iprice.vn/j-lindeberg/quan-ao/ao-len/,10/26/18,https://ipricethailand.com/j-lindeberg/%E0%B9%80%E0%B8%84%E0%B8%A3%E0%B8%AD%E0%B8%87%E0%B9%81%E0%B8%95%E0%B8%87%E0%B8%81%E0%B8%B2%E0%B8%A2/%E0%B9%80%E0%B8%AA%E0%B8%AD%E0%B8%81%E0%B8%99%E0%B8%AB%E0%B8%99%E0%B8%B2%E0%B8%A7/,"false"
https://iprice.vn/j-lindeberg/quan-ao/ao-len/,10/26/18,https://iprice.ph/j-lindeberg/clothing/sweaters/,"false"
https://iprice.vn/j-lindeberg/quan-ao/ao-len/,10/26/18,https://iprice.my/j-lindeberg/clothing/sweaters/,"false"
https://iprice.vn/j-lindeberg/quan-ao/ao-len/,10/26/18,https://iprice.sg/j-lindeberg/clothing/sweaters/,"false"
https://iprice.vn/j-lindeberg/quan-ao/ao-len/,10/26/18,https://iprice.hk/j-lindeberg/clothing/sweaters/,"false"
https://iprice.vn/armani/emporio/quan-ao/do-lot/vo/,10/20/18,https://ipricethailand.com/armani/emporio/%E0%B9%80%E0%B8%84%E0%B8%A3%E0%B8%AD%E0%B8%87%E0%B9%81%E0%B8%95%E0%B8%87%E0%B8%81%E0%B8%B2%E0%B8%A2/%E0%B8%8A%E0%B8%94%E0%B8%8A%E0%B8%99%E0%B9%83%E0%B8%99/%E0%B8%96%E0%B8%87%E0%B9%80%E0%B8%97%E0%B8%B2/,"false"
https://iprice.vn/aoyi/trang-tri-noi-that/trang-tri-tuong/,10/20/18,https://iprice.ph/aoyi/home-decor/wall-art/,"false"
https://iprice.vn/armani/emporio/quan-ao/do-lot/vo/,10/20/18,https://iprice.hk/armani/emporio/clothing/underwear/socks/,"false"
https://iprice.vn/msi/geforce/,10/13/18,https://iprice.co.id/msi/geforce/,"false"
https://iprice.vn/banbao/do-choi/xay-dung/,10/9/2018,https://iprice.my/banbao/toys/building/,"true"
https://iprice.vn/banbao/do-choi/xay-dung/,10/9/2018,https://iprice.sg/banbao/toys/building/,"true"
https://iprice.vn/megir/dong-ho/nam/the-thao/,10/5/2018,https://ipricethailand.com/megir/%E0%B8%99%E0%B8%B2%E0%B8%AC%E0%B8%81%E0%B8%B2%E0%B8%82%E0%B8%AD%E0%B8%A1%E0%B8%AD/%E0%B8%9C%E0%B8%8A%E0%B8%B2%E0%B8%A2/%E0%B8%99%E0%B8%B2%E0%B8%AC%E0%B8%81%E0%B8%B2%E0%B8%81%E0%B8%AC%E0%B8%B2/,"false"
https://iprice.vn/top-1/trang-suc/nhan/,10/4/2018,https://ipricethailand.com/top-1/%E0%B9%80%E0%B8%84%E0%B8%A3%E0%B8%AD%E0%B8%87%E0%B8%9B%E0%B8%A3%E0%B8%B0%E0%B8%94%E0%B8%9A/%E0%B9%81%E0%B8%AB%E0%B8%A7%E0%B8%99/,"false"
https://iprice.vn/top-1/trang-suc/nhan/,10/4/2018,https://iprice.ph/top-1/jewellery/rings/,"false"
https://iprice.vn/top-1/trang-suc/nhan/,10/4/2018,https://iprice.sg/top-1/jewellery/rings/,"false"
https://iprice.vn/aideli/giay-dep/the-thao/,8/31/18,https://ipricethailand.com/aideli/%E0%B8%A3%E0%B8%AD%E0%B8%87%E0%B9%80%E0%B8%97%E0%B8%B2/%E0%B8%81%E0%B8%AC%E0%B8%B2/,"false"
https://iprice.vn/books/so-thich/sach/lich-su/,8/29/18,https://iprice.co.id/books/hobi/buku/sejarah/,"false"
https://iprice.vn/oem-japan/quan-ao/quan-dai/,8/29/18,https://iprice.ph/oem-japan/clothing/pants/,"false"
https://iprice.vn/elf-cosmetics/quan-ao/nu/ao-khoac/,8/29/18,https://iprice.sg/elf-cosmetics/clothing/women/coats/,"false"
https://iprice.vn/focallure/trang-suc/,8/27/18,https://iprice.co.id/focallure/perhiasan/,"false"
https://iprice.vn/oem-korea/cham-soc-da/mat/mat-na/,8/27/18,https://iprice.my/oem-korea/skin-care/face/masks/,"false"
https://iprice.vn/canon/van-phong-pham/may-tinh/,8/23/18,https://iprice.co.id/canon/stasioner/kalkulator/,"false"
https://iprice.vn/canon/van-phong-pham/may-tinh/,8/23/18,https://ipricethailand.com/canon/%E0%B9%80%E0%B8%84%E0%B8%A3%E0%B8%AD%E0%B8%87%E0%B9%80%E0%B8%82%E0%B8%A2%E0%B8%99/%E0%B9%80%E0%B8%84%E0%B8%A3%E0%B8%AD%E0%B8%87%E0%B8%84%E0%B8%94%E0%B9%80%E0%B8%A5%E0%B8%82/,"false"
https://iprice.vn/canon/van-phong-pham/may-tinh/,8/23/18,https://iprice.ph/canon/stationery/calculators/,"false"
https://iprice.vn/afs-jeep/quan-ao/nam/,8/23/18,https://iprice.my/afs-jeep/clothing/men/,"false"
https://iprice.vn/canon/van-phong-pham/may-tinh/,8/23/18,https://iprice.my/canon/stationery/calculators/,"false"
https://iprice.vn/canon/van-phong-pham/may-tinh/,8/23/18,https://iprice.sg/canon/stationery/calculators/,"false"
https://iprice.vn/canon/van-phong-pham/may-tinh/,8/23/18,https://iprice.hk/canon/stationery/calculators/,"false"
https://iprice.vn/vemal/giay-dep/the-thao/chay-bo/,8/15/18,https://iprice.co.id/vemal/sepatu/olahraga/lari/,"false"
https://iprice.vn/znpnxn/giay-dep/cao-got/,8/14/18,https://ipricethailand.com/znpnxn/%E0%B8%A3%E0%B8%AD%E0%B8%87%E0%B9%80%E0%B8%97%E0%B8%B2/%E0%B8%AA%E0%B8%99%E0%B8%AA%E0%B8%87/,"false"
https://iprice.vn/cheer/dien-thoai-may-tinh-bang/phu-kien/,8/14/18,https://iprice.sg/cheer/phones-tablets/accessories/,"false"
https://iprice.vn/nike/air-max/vapormax/giay-dep/the-thao/chay-bo/,8/7/2018,https://iprice.co.id/nike/air-max/vapormax/sepatu/olahraga/lari/,"false"
https://iprice.vn/nike/air-max/vapormax/giay-dep/the-thao/chay-bo/,8/7/2018,https://iprice.my/nike/air-max/vapormax/shoes/sports/running/,"false"
https://iprice.vn/cyou/giay-dep/cao-got/,8/6/2018,https://ipricethailand.com/cyou/%E0%B8%A3%E0%B8%AD%E0%B8%87%E0%B9%80%E0%B8%97%E0%B8%B2/%E0%B8%AA%E0%B8%99%E0%B8%AA%E0%B8%87/,"false"
https://iprice.vn/cyou/giay-dep/cao-got/,8/6/2018,https://iprice.my/cyou/shoes/high-heels/,"false"
https://iprice.vn/cyou/giay-dep/cao-got/,8/6/2018,https://iprice.sg/cyou/shoes/high-heels/,"false"
https://iprice.vn/adidas/court/court/giay-dep/the-thao/tennis/,8/4/2018,https://iprice.co.id/adidas/court/court/sepatu/olahraga/tenis/,"true"
https://iprice.vn/pinsv/giay-dep/cao-got-de-tho/,8/4/2018,https://iprice.ph/pinsv/shoes/platforms/,"false"
https://iprice.vn/pinsv/giay-dep/cao-got-de-tho/,8/4/2018,https://iprice.sg/pinsv/shoes/platforms/,"false"
https://iprice.vn/adidas/court/court/giay-dep/the-thao/tennis/,8/4/2018,https://iprice.hk/adidas/court/court/shoes/sports/tennis/,"true"
https://iprice.vn/garmin/dien-thoai-may-tinh-bang/nu/dong-ho-thong-minh/,8/3/2018,https://iprice.co.id/garmin/ponsel-tablet/wanita/smartwatch/,"false"
https://iprice.vn/garmin/dien-thoai-may-tinh-bang/nu/dong-ho-thong-minh/,8/3/2018,https://iprice.ph/garmin/phones-tablets/women/smartwatches/,"false"
https://iprice.vn/garmin/dien-thoai-may-tinh-bang/nu/dong-ho-thong-minh/,8/3/2018,https://iprice.my/garmin/phones-tablets/women/smartwatches/,"false"
https://iprice.vn/garmin/dien-thoai-may-tinh-bang/nu/dong-ho-thong-minh/,8/3/2018,https://iprice.sg/garmin/phones-tablets/women/smartwatches/,"false"
https://iprice.vn/garmin/dien-thoai-may-tinh-bang/nu/dong-ho-thong-minh/,8/3/2018,https://iprice.hk/garmin/phones-tablets/women/smartwatches/,"false"
https://iprice.vn/adidas/cham-soc-mat/,7/31/18,https://iprice.co.id/adidas/perawatan-mata/,"false"
https://iprice.vn/adidas/cham-soc-mat/,7/31/18,https://ipricethailand.com/adidas/%E0%B8%9C%E0%B8%A5%E0%B8%95%E0%B8%A0%E0%B8%93%E0%B8%91%E0%B8%AA%E0%B8%B3%E0%B8%AB%E0%B8%A3%E0%B8%9A%E0%B8%94%E0%B8%A7%E0%B8%87%E0%B8%95%E0%B8%B2/,"false"
https://iprice.vn/adidas/cham-soc-mat/,7/31/18,https://iprice.ph/adidas/eyecare/,"false"
https://iprice.vn/adidas/cham-soc-mat/,7/31/18,https://iprice.sg/adidas/eyecare/,"false"
https://iprice.vn/kawasaki/dien-thoai-may-tinh-bang/phu-kien/mieng-bao-ve-man-hinh/,7/17/18,https://iprice.co.id/kawasaki/ponsel-tablet/aksesoris/pelindung-layar/,"false"
https://iprice.vn/urban-preview/tan-trang-nha-cua/,7/17/18,https://iprice.my/urban-preview/home-improvement/,"false"
https://iprice.vn/simplelife/dien-thoai-may-tinh-bang/,7/13/18,https://iprice.ph/simplelife/phones-tablets/,"false"
https://iprice.vn/simplelife/dien-thoai-may-tinh-bang/,7/13/18,https://iprice.my/simplelife/phones-tablets/,"false"
https://iprice.vn/gia-ban/corsair-vengeance-8gb-ddr3-1600mhz/,7/12/2018,https://iprice.co.id/harga/corsair-vengeance-8gb-ddr3-1600mhz/,"false"
https://iprice.vn/gia-ban/corsair-vengeance-8gb-ddr3-1600mhz/,7/12/2018,https://ipricethailand.com/%E0%B8%A3%E0%B8%B2%E0%B8%84%E0%B8%B2/corsair-vengeance-8gb-ddr3-1600mhz/,"false"
https://iprice.vn/gia-ban/corsair-vengeance-8gb-ddr3-1600mhz/,7/12/2018,https://iprice.ph/compare/corsair-vengeance-8gb-ddr3-1600mhz/,"false"
https://iprice.vn/gia-ban/corsair-vengeance-8gb-ddr3-1600mhz/,7/12/2018,https://iprice.my/compare/corsair-vengeance-8gb-ddr3-1600mhz/,"false"
https://iprice.vn/lazada/tin-hoc/hop-so-mang/,7/10/2018,https://ipricethailand.com/lazada/%E0%B8%AD%E0%B8%9B%E0%B8%81%E0%B8%A3%E0%B8%93%E0%B8%84%E0%B8%AD%E0%B8%A1%E0%B8%9E%E0%B8%A7%E0%B9%80%E0%B8%95%E0%B8%AD%E0%B8%A3/%E0%B9%80%E0%B8%99%E0%B8%95%E0%B9%80%E0%B8%A7%E0%B8%A3%E0%B8%84%E0%B9%80%E0%B8%81%E0%B8%A2%E0%B8%A3/,"false"
https://iprice.vn/gia-ban/cooler-master-blue-led-silent-fan-140mm/,6/20/18,https://iprice.ph/compare/cooler-master-blue-led-silent-fan-140mm/,"false"
https://iprice.vn/gia-ban/cooler-master-blue-led-silent-fan-140mm/,6/20/18,https://iprice.my/compare/cooler-master-blue-led-silent-fan-140mm/,"false"
https://iprice.vn/premier/quan-ao/xanh-la/?store=zalora,4/25/16,https://iprice.co.id/,"false"
https://iprice.vn/premier/quan-ao/xanh-la/?store=zalora,4/25/16,https://ipricethailand.com/,"false"
https://iprice.vn/premier/quan-ao/xanh-la/?store=zalora,4/25/16,https://iprice.ph/,"false"
https://iprice.vn/premier/quan-ao/xanh-la/?store=zalora,4/25/16,https://iprice.my/,"false"
https://iprice.vn/premier/quan-ao/xanh-la/?store=zalora,4/25/16,https://iprice.sg/,"false"
https://iprice.vn/premier/quan-ao/xanh-la/?store=zalora,4/25/16,https://iprice.hk/,"false"